,Sample_ID,Species,Month,Initial_mass,Lbag_weight,Litter_substrate,microsite,Crucible_mass,Sample_cruc_mass,Ash_cruc_mass,sample_mass,ash_mass,pct_ash,Initial_mass_ash_free,Final_mass_ash_free,Ash_free_mass_remaining,nitrogen,carbon,C_N
1,H1,Arthraerua_leubnitziae ,0,4,4,Grass,Unvegetated_patch,17.15,17.41,17.16,0.26,0.01,3.846153846,3.982537211,3.846153846,96.57546541,NA,NA,NA
6,H1,Arthraerua_leubnitziae ,4,4,3.7129,Grass,Unvegetated_patch,58.38,58.63,58.41,0.25,0.03,12,3.982537211,3.267352,82.04197041,0.547444433,42.79468576,78.17174337
2,H1,Arthraerua_leubnitziae ,8,4,3.0335,Grass,Unvegetated_patch,42.42,42.68,42.44,0.26,0.02,7.692307692,3.982537211,2.800153846,70.31080183,0.544645194,43.00601296,78.96152111
3,H1,Arthraerua_leubnitziae ,14,4,3.0587,Grass,Unvegetated_patch,18.09,18.36,18.11,0.27,0.02,7.407407407,3.982537211,2.83212963,71.11370164,0.465003931,41.02700205,88.22936607
4,H1,Arthraerua_leubnitziae ,0,4,4,Grass,Vegetated_patch,17.25,17.49,17.26,0.24,0.01,4.166666667,3.982537211,3.833333333,96.25354719,NA,NA,NA
5,H1,Arthraerua_leubnitziae ,4,4,4.8686,Grass,Vegetated_patch,53.63,53.88,53.72,0.25,0.09,36,3.982537211,3.115904,78.23916853,0.533326152,45.10361664,84.57042
7,H1,Arthraerua_leubnitziae ,8,4,3.198,Grass,Vegetated_patch,36.44,36.69,36.45,0.25,0.01,4,3.982537211,3.07008,77.08854526,0.551147759,41.54509616,75.37923444
8,H1,Arthraerua_leubnitziae ,14,4,4.0546,Grass,Vegetated_patch,17.24,17.51,17.26,0.27,0.02,7.407407407,3.982537211,3.754259259,94.26802716,0.502070331,34.25370494,68.22491361
9,H1,Arthraerua_leubnitziae ,0,4,4,Shrub,Unvegetated_patch,17.18,17.44,17.17,0.26,-0.01,-3.846153846,3.998031159,4.153846154,103.8972932,NA,NA,NA
13,H1,Arthraerua_leubnitziae ,4,4,NA,Shrub,Unvegetated_patch,NA,NA,NA,NA,NA,NA,3.998031159,NA,NA,NA,NA,NA
10,H1,Arthraerua_leubnitziae ,8,4,3.8704,Shrub,Unvegetated_patch,39.43,39.68,39.5,0.25,0.07,28,3.998031159,2.786688,69.70150779,0.470869057,15.40016753,32.70583892
11,H1,Arthraerua_leubnitziae ,14,4,4.4602,Shrub,Unvegetated_patch,17.99,18.24,18.04,0.25,0.05,20,3.998031159,3.56816,89.24792874,0.357888486,13.6099402,38.02843827
12,H1,Arthraerua_leubnitziae ,0,4,4,Shrub,Vegetated_patch,18.83,19.09,18.83,0.26,0,0,3.998031159,4,100.0492453,NA,NA,NA
14,H1,Arthraerua_leubnitziae ,4,4,4.3776,Shrub,Vegetated_patch,62.19,62.35,62.25,0.16,0.06,37.5,3.998031159,2.736,68.43368376,0.288834762,12.920673,44.73378793
15,H1,Arthraerua_leubnitziae ,8,4,3.3848,Shrub,Vegetated_patch,39.5,39.75,39.52,0.25,0.02,8,3.998031159,3.114016,77.88873763,0.538940347,18.70825616,34.7130369
16,H1,Arthraerua_leubnitziae ,14,4,6.5305,Shrub,Vegetated_patch,17.13,17.38,17.29,0.25,0.16,64,3.998031159,2.35098,58.80344365,0.483443102,17.46530357,36.12690613
17,H1,Ectadium_rotundifolium ,0,4,4,Grass,Unvegetated_patch,16.34,16.65,16.35,0.31,0.01,3.225806452,3.982537211,3.870967742,97.19853292,NA,NA,NA
18,H1,Ectadium_rotundifolium ,8,4,5.2305,Grass,Unvegetated_patch,17.99,18.23,18.16,0.24,0.17,70.83333333,3.982537211,1.5255625,38.3062962,0.513759401,44.01572856,85.67381626
19,H1,Ectadium_rotundifolium ,4,4,3.8151,Grass,Unvegetated_patch,16.31,16.55,16.33,0.24,0.02,8.333333333,3.982537211,3.497175,87.81273884,0.62427874,45.74393133,73.27485049
20,H1,Ectadium_rotundifolium ,14,4,NA,Grass,Unvegetated_patch,NA,NA,NA,NA,NA,NA,3.982537211,NA,NA,NA,NA,NA
21,H1,Ectadium_rotundifolium ,0,4,4,Grass,Vegetated_patch,17.41,17.68,17.41,0.27,0,0,3.982537211,4,100.438484,NA,NA,NA
22,H1,Ectadium_rotundifolium ,4,4,4.9267,Grass,Vegetated_patch,16.69,16.94,16.85,0.25,0.16,64,3.982537211,1.773612,44.53472513,0.74812097,48.28042921,64.53559136
23,H1,Ectadium_rotundifolium ,8,4,3.9141,Grass,Vegetated_patch,17.11,17.36,17.17,0.25,0.06,24,3.982537211,2.974716,74.69399136,0.636778794,50.49062495,79.2906822
20,H1,Ectadium_rotundifolium ,14,4,NA,Grass,Vegetated_patch,NA,NA,NA,NA,NA,NA,3.982537211,NA,NA,NA,NA,NA
24,H1,Ectadium_rotundifolium ,0,4,4,Shrub,Unvegetated_patch,16.32,16.55,16.33,0.23,0.01,4.347826087,3.998031159,3.826086957,95.69927807,NA,NA,NA
25,H1,Ectadium_rotundifolium ,8,4,4.4092,Shrub,Unvegetated_patch,17.24,17.49,17.37,0.25,0.13,52,3.998031159,2.116416,52.93645586,0.41683749,11.19443935,26.85564425
26,H1,Ectadium_rotundifolium ,4,4,5.8259,Shrub,Unvegetated_patch,17.42,17.67,17.58,0.25,0.16,64,3.998031159,2.097324,52.45892082,0.462346064,16.22113607,35.08440394
27,H1,Ectadium_rotundifolium ,14,4,NA,Shrub,Unvegetated_patch,NA,NA,NA,NA,NA,NA,3.998031159,NA,NA,NA,NA,NA
28,H1,Ectadium_rotundifolium ,0,4,4,Shrub,Vegetated_patch,17.12,17.38,17.12,0.26,0,0,3.998031159,4,100.0492453,NA,NA,NA
29,H1,Ectadium_rotundifolium ,8,4,4.989,Shrub,Vegetated_patch,16.67,16.93,16.83,0.26,0.16,61.53846154,3.998031159,1.918846154,47.99477736,0.47450964,14.69784258,30.97480291
30,H1,Ectadium_rotundifolium ,14,4,3.3982,Shrub,Vegetated_patch,18.83,19.08,18.85,0.25,0.02,8,3.998031159,3.126344,78.1970894,0.600950679,15.63581152,26.01846051
31,H1,Salsola_nollothensis,0,4,4,Grass,Unvegetated_patch,58.39,58.64,58.39,0.25,0,0,3.982537211,4,100.438484,NA,NA,NA
32,H1,Salsola_nollothensis,4,4,4.0853,Grass,Unvegetated_patch,18.71,19.02,18.78,0.31,0.07,22.58064516,3.982537211,3.162812903,79.41703331,0.399350944,51.48833862,128.9300537
33,H1,Salsola_nollothensis,8,4,4.8522,Grass,Unvegetated_patch,17.18,17.42,17.28,0.24,0.1,41.66666667,3.982537211,2.83045,71.07152678,0.493875353,45.91339304,92.9655485
34,H1,Salsola_nollothensis,0,4,4,Grass,Vegetated_patch,38.29,38.54,38.29,0.25,0,0,3.982537211,4,100.438484,NA,NA,NA
35,H1,Salsola_nollothensis,4,4,4.0882,Grass,Vegetated_patch,17.15,17.4,17.17,0.25,0.02,8,3.982537211,3.761144,94.44090039,0.460400345,46.78294239,101.6136129
36,H1,Salsola_nollothensis,8,4,6.5728,Grass,Vegetated_patch,38.29,38.54,38.49,0.25,0.2,80,3.982537211,1.31456,33.00810339,0.531369477,43.84417308,82.5116515
37,H1,Salsola_nollothensis,14,4,3.636,Grass,Vegetated_patch,18.76,19.02,18.84,0.26,0.08,30.76923077,3.982537211,2.517230769,63.2067106,0.646039053,43.46386626,67.27745953
39,H1,Salsola_nollothensis,0,4,4,Shrub,Vegetated_patch,62.11,62.37,62.1,0.26,-0.01,-3.846153846,3.998031159,4.153846154,103.8972932,NA,NA,NA
49,H1 ,Salsola_nollothensis,4,4,4.245,Shrub,Vegetated_patch,19.12,19.37,19.19,0.25,0.07,28,3.998031159,3.0564,76.4476283,0.466923227,16.51599207,35.37196506
40,H1,Salsola_nollothensis,8,4,4.4663,Shrub,Vegetated_patch,17.25,17.51,17.35,0.26,0.1,38.46153846,3.998031159,2.748492308,68.74614525,0.421817213,15.90750182,37.71183665
41,H1,Salsola_nollothensis,14,4,3.464,Shrub,Vegetated_patch,17.99,18.25,18.12,0.26,0.13,50,3.998031159,1.732,43.3213232,0.626030241,52.17904995,84.1380156
47,H1 ,Salsola_nollothensis,0,4,3.3383,Shrub,Unvegetated_patch,18.76,19.02,18.88,0.26,0.12,46.15384615,3.998031159,1.797546154,44.960784,NA,NA,NA
45,H1 ,Salsola_nollothensis,4,4,4.0205,Shrub,Unvegetated_patch,17.18,17.44,17.26,0.26,0.08,30.76923077,3.998031159,2.783423077,69.61984452,0.472552611,18.70411478,39.58102091
46,H1 ,Salsola_nollothensis,8,4,3.369,Shrub,Unvegetated_patch,17.42,17.67,17.58,0.25,0.16,64,3.998031159,1.21284,30.33593165,0.441669914,13.28656485,30.08256715
48,H1 ,Salsola_nollothensis,14,4,6.3811,Shrub,Unvegetated_patch,18.83,19.08,19.11,0.25,0.28,112,3.998031159,-0.765732,-19.15272717,NA,NA,NA
52,H10,Arthraerua_leubnitziae ,0,4,4,Grass,Unvegetated_patch,17.13,17.39,17.13,0.26,0,0,3.982537211,4,100.438484,NA,NA,NA
53,H10,Arthraerua_leubnitziae ,4,4,3.4793,Grass,Unvegetated_patch,18.77,19.03,18.84,0.26,0.07,26.92307692,3.982537211,2.542565385,63.84285319,NA,NA,NA
54,H10,Arthraerua_leubnitziae ,8,4,3.3847,Grass,Unvegetated_patch,17.42,17.68,17.49,0.26,0.07,26.92307692,3.982537211,2.473434615,62.10700577,0.892714983,41.22894732,46.18377434
55,H10,Arthraerua_leubnitziae ,0,4,4,Shrub,Vegetated_patch,17.16,17.42,17.15,0.26,-0.01,-3.846153846,3.998031159,4.153846154,103.8972932,NA,NA,NA
56,H10,Arthraerua_leubnitziae ,8,4,3.4785,Shrub,Vegetated_patch,17.18,17.44,17.25,0.26,0.07,26.92307692,3.998031159,2.541980769,63.58081436,0.568515199,17.40971255,30.62312598
57,H10,Salsola_nollothensis,0,4,3.7901,Grass,Unvegetated_patch,16.67,16.92,16.66,0.25,-0.01,-4,3.982537211,3.941704,98.97469356,NA,NA,NA
58,H10,Salsola_nollothensis,8,4,3.7951,Grass,Unvegetated_patch,42.42,42.68,42.49,0.26,0.07,26.92307692,3.982537211,2.773342308,69.63757426,0.311619474,43.76250713,120.5721047
61,H10,Salsola_nollothensis,0,4,4,Shrub,Unvegetated_patch,17.2,17.45,17.21,0.25,0.01,4,3.998031159,3.84,96.04727545,NA,NA,NA
62,H10,Salsola_nollothensis,8,4,3.9766,Shrub,Unvegetated_patch,40.4,40.66,40.48,0.26,0.08,30.76923077,3.998031159,2.753030769,68.85966266,0.615784235,22.69542508,36.85613205
68,H10 ,Salsola_nollothensis,0,4,4,Shrub,Vegetated_patch,16.38,16.63,16.38,0.25,0,0,3.998031159,4,100.0492453,NA,NA,NA
63,H10,Salsola_nollothensis,4,4,3.6054,Shrub,Vegetated_patch,17.42,17.66,17.5,0.24,0.08,33.33333333,3.998031159,2.4036,60.11959148,22.26070394,34.90924092,60.15015015
64,H10,Salsola_nollothensis,8,4,5.0975,Shrub,Vegetated_patch,17.18,17.43,17.33,0.25,0.15,60,3.998031159,2.039,51.00010277,0.517351198,14.55087641,28.12572284
67,H10 ,Salsola_nollothensis,0,4,4,Grass,Vegetated_patch,16.41,16.56,16.43,0.15,0.02,13.33333333,3.982537211,3.466666667,87.04668615,NA,NA,NA
59,H10,Salsola_nollothensis,4,4,4.1392,Grass,Vegetated_patch,17.11,17.36,17.12,0.25,0.01,4,3.982537211,3.973632,99.77639354,0.737980686,48.41973452,65.61111346
60,H10,Salsola_nollothensis,8,4,4.0529,Grass,Vegetated_patch,17.42,17.68,17.42,0.26,0,0,3.982537211,4.0529,101.766783,NA,NA,NA
69,H2,Arthraerua_leubnitziae ,0,4,4,Grass,Unvegetated_patch,19.13,19.37,19.12,0.24,-0.01,-4.166666667,3.982537211,4.166666667,104.6234209,NA,NA,NA
81,H2 ,Arthraerua_leubnitziae ,4,4,3.5341,Grass,Unvegetated_patch,16.38,16.63,16.4,0.25,0.02,8,3.982537211,3.251372,81.64071867,0.512309148,50.88422602,99.32328215
72,H2,Arthraerua_leubnitziae ,8,4,4.8949,Grass,Unvegetated_patch,16.67,16.92,16.82,0.25,0.15,60,3.998031159,1.95796,48.97310506,0.684612217,18.7306899,27.35956128
70,H2,Arthraerua_leubnitziae ,0,4,4,Grass,Vegetated_patch,16.69,16.94,16.7,0.25,0.01,4,3.982537211,3.84,96.42094466,NA,NA,NA
78,H2,Arthraerua_leubnitziae ,4,4,4.0092,Grass,Vegetated_patch,16.38,16.64,16.39,0.26,0.01,3.846153846,3.982537211,3.855,96.79758898,0.552099655,46.62564514,84.45150199
80,H2,Arthraerua_leubnitziae ,8,4,4.4333,Grass,Vegetated_patch,16.7,16.94,16.86,0.24,0.16,66.66666667,3.998031159,1.477766667,36.96235992,0.499665715,17.27511242,34.57333954
82,H2 ,Arthraerua_leubnitziae ,14,4,3.1901,Grass,Vegetated_patch,17.42,17.68,17.44,0.26,0.02,7.692307692,3.982537211,2.944707692,73.94049413,0.505181494,47.41855021,93.86438494
71,H2,Arthraerua_leubnitziae ,0,4,4,Shrub,Unvegetated_patch,18.09,18.34,18.1,0.25,0.01,4,3.998031159,3.84,96.04727545,NA,NA,NA
83,H2 ,Arthraerua_leubnitziae ,4,4,4.4428,Shrub,Unvegetated_patch,16.31,16.56,16.42,0.25,0.11,44,3.998031159,2.487968,62.22983016,0.755063133,27.1043324,35.89677634
85,H2 ,Arthraerua_leubnitziae ,8,4,3.5543,Shrub,Unvegetated_patch,17.13,17.38,17.19,0.25,0.06,24,3.998031159,2.701268,67.56495616,0.550785269,20.25811509,36.78042285
86,H2 ,Arthraerua_leubnitziae ,14,4,3.9913,Shrub,Unvegetated_patch,17.65,17.91,17.7,0.26,0.05,19.23076923,3.998031159,3.223742308,80.6332462,0.462977397,17.33352842,37.43925415
88,H2 ,Arthraerua_leubnitziae ,0,4,4,Shrub,Vegetated_patch,17.42,17.67,17.42,0.25,0,0,3.998031159,4,100.0492453,NA,NA,NA
89,H2 ,Arthraerua_leubnitziae ,8,4,3.6213,Shrub,Vegetated_patch,38.28,38.53,38.37,0.25,0.09,36,3.998031159,2.317632,57.9693331,0.318930491,13.98488376,43.84931556
90,H2 ,Arthraerua_leubnitziae ,4,4,3.802,Shrub,Vegetated_patch,17.24,17.5,17.3,0.26,0.06,23.07692308,3.998031159,2.924615385,73.15139048,0.364788497,15.11050193,41.42263821
91,H2 ,Arthraerua_leubnitziae ,14,4,4.5663,Shrub,Vegetated_patch,16.37,16.62,16.48,0.25,0.11,44,3.998031159,2.557128,63.95968161,0.584891448,15.88148707,27.15287962
73,H2,Ectadium_rotundifolium ,0,4,4,Grass,Unvegetated_patch,18.83,19.09,18.82,0.26,-0.01,-3.846153846,3.982537211,4.153846154,104.3015026,NA,NA,NA
92,H2 ,Ectadium_rotundifolium ,8,4,4.2059,Grass,Unvegetated_patch,18.83,19.08,18.94,0.25,0.11,44,3.982537211,2.355304,59.14079079,0.422347372,42.90666012,101.5909249
93,H2 ,Ectadium_rotundifolium ,14,4,NA,Grass,Unvegetated_patch,NA,NA,NA,NA,NA,NA,3.982537211,NA,NA,NA,NA,NA
74,H2,Ectadium_rotundifolium ,0,4,4,Grass,Vegetated_patch,17.45,17.7,17.45,0.25,0,0,3.982537211,4,100.438484,NA,NA,NA
94,H2 ,Ectadium_rotundifolium ,4,4,4.1864,Grass,Vegetated_patch,17.99,18.23,18.12,0.24,0.13,54.16666667,3.982537211,1.918766667,48.1795038,0.618091645,47.89753554,77.49261122
95,H2 ,Ectadium_rotundifolium ,8,4,3.6451,Grass,Vegetated_patch,17.65,17.9,17.69,0.25,0.04,16,3.982537211,3.061884,76.8827468,0.635493328,47.3726812,74.54473416
96,H2 ,Ectadium_rotundifolium ,14,4,2.3751,Grass,Vegetated_patch,18.77,19.01,18.79,0.24,0.02,8.333333333,3.982537211,2.177175,54.66803911,0.487596722,19.21723734,39.4121545
75,H2,Ectadium_rotundifolium ,0,4,4,Shrub,Unvegetated_patch,17.99,18.24,17.99,0.25,0,0,3.998031159,4,100.0492453,NA,NA,NA
97,H2 ,Ectadium_rotundifolium ,8,4,4.808,Shrub,Unvegetated_patch,18.09,18.34,18.23,0.25,0.14,56,3.998031159,2.11552,52.91404483,0.510643024,15.16423073,29.69634365
98,H2 ,Ectadium_rotundifolium ,14,4,NA,Shrub,Unvegetated_patch,NA,NA,NA,NA,NA,NA,3.998031159,NA,NA,NA,NA,NA
99,H2 ,Ectadium_rotundifolium ,0,4,4,Shrub,Vegetated_patch,20.25,20.5,20.24,0.25,-0.01,-4,3.998031159,4.16,104.0512151,NA,NA,NA
100,H2 ,Ectadium_rotundifolium ,4,4,4.5329,Shrub,Vegetated_patch,17.24,17.49,17.38,0.25,0.14,56,3.998031159,1.994476,49.88645462,0.405346512,14.98243195,36.96203498
101,H2 ,Ectadium_rotundifolium ,8,4,3.4167,Shrub,Vegetated_patch,53.57,53.81,53.59,0.24,0.02,8.333333333,3.998031159,3.131975,78.33793373,0.437610369,19.21901192,43.9180908
102,H2 ,Ectadium_rotundifolium ,14,4,3.0135,Shrub,Vegetated_patch,17.18,17.44,17.26,0.26,0.08,30.76923077,3.998031159,2.086269231,52.18241549,0.527971212,15.90989545,30.1340207
77,H2,Salsola_nollothensis,0,4,4,Grass,Vegetated_patch,53.53,53.79,53.53,0.26,0,0,3.982537211,4,100.438484,NA,NA,NA
105,H2 ,Salsola_nollothensis,4,4,4.0531,Grass,Vegetated_patch,17.25,17.51,17.32,0.26,0.07,26.92307692,3.982537211,2.961880769,74.37170358,0.392128251,31.86441446,81.26018554
106,H2 ,Salsola_nollothensis,8,4,4.7713,Grass,Vegetated_patch,62.11,62.36,62.21,0.25,0.1,40,3.982537211,2.86278,71.88332082,0.557387966,45.18028637,81.05716146
107,H2 ,Salsola_nollothensis,14,4,6.6586,Grass,Vegetated_patch,20.15,20.4,20.38,0.25,0.23,92,3.982537211,0.532688,13.37559379,NA,NA,NA
79,H2,Salsola_nollothensis,0,4,4,Shrub,Unvegetated_patch,18.82,19.08,18.82,0.26,0,0,3.998031159,4,100.0492453,NA,NA,NA
108,H2 ,Salsola_nollothensis,4,4,4.4333,Shrub,Unvegetated_patch,36.44,36.7,36.56,0.26,0.12,46.15384615,3.998031159,2.387161538,59.70842756,0.61685745,20.62489936,33.43543855
109,H2 ,Salsola_nollothensis,8,4,5.0224,Shrub,Unvegetated_patch,16.67,16.94,16.83,0.27,0.16,59.25925926,3.998031159,2.046162963,51.17926503,0.33260984,14.94387548,44.92914418
110,H2 ,Salsola_nollothensis,14,4,4.2115,Shrub,Unvegetated_patch,36.44,36.68,36.56,0.24,0.12,50,3.998031159,2.10575,62.77208835,0.604340452,50.88422012,84.19793835
79,H2,Salsola_nollothensis,0,4,4,Grass,Unvegetated_patch,18.82,19.08,18.82,0.26,0,0,3.998031159,4,100.0492453,NA,NA,NA
103,H2 ,Salsola_nollothensis,4,4,6.0968,Grass,Unvegetated_patch,38.29,38.52,38.49,0.23,0.2,86.95652174,3.982537211,0.795234783,19.968044,NA,NA,NA
104,H2 ,Salsola_nollothensis,8,4,3.642,Grass,Unvegetated_patch,18.76,19.02,18.82,0.26,0.06,23.07692308,3.982537211,2.801538462,70.345569,0.513865168,46.09585785,89.70418847
114,H2  ,Salsola_nollothensis,14,4,6.2521,Grass,Unvegetated_patch,20.15,20.4,20.36,0.25,0.21,84,3.982537211,1.000336,62.77208835,0.604340452,50.88422012,84.19793835
111,H2 ,Salsola_nollothensis,0,4,4,Shrub,Vegetated_patch,17.65,17.91,17.65,0.26,0,0,3.998031159,4,100.0492453,NA,NA,NA
112,H2 ,Salsola_nollothensis,4,4,4.0678,Shrub,Vegetated_patch,51.97,52.12,52.01,0.15,0.04,26.66666667,3.998031159,2.983053333,74.61305864,0.436619252,16.33954649,37.42287228
113,H2 ,Salsola_nollothensis,8,4,4.8861,Shrub,Vegetated_patch,58.39,58.64,58.54,0.25,0.15,60,3.998031159,1.95444,48.88506173,0.510940158,17.98971384,35.20904267
115,H2  ,Salsola_nollothensis,14,4,6.2662,Shrub,Vegetated_patch,17.99,18.24,18.2,0.25,0.21,84,3.998031159,1.002592,25.07714323,0.476745736,17.90771038,37.56239236
158,H3 ,Arthraerua_leubnitziae ,0,4,4,Shrub,Vegetated_patch,17.25,17.51,17.24,0.26,-0.01,-3.846153846,3.998031159,4.153846154,103.8972932,NA,NA,NA
159,H3 ,Arthraerua_leubnitziae ,4,4,4.1765,Shrub,Vegetated_patch,17.12,17.36,17.22,0.24,0.1,41.66666667,3.998031159,2.436291667,60.93728562,0.5938784,20.56324874,34.62535215
160,H3 ,Arthraerua_leubnitziae ,8,4,4.9055,Shrub,Vegetated_patch,62.11,62.36,62.26,0.25,0.15,60,3.998031159,1.9622,49.07915726,0.589454404,15.37588221,26.08493908
124,H3,Arthraerua_leubnitziae ,14,4,3.9144,Shrub,Vegetated_patch,17.64,17.89,17.69,0.25,0.05,20,3.998031159,3.13152,78.32655313,0.255321512,9.060191555,35.48542182
116,H3,Arthraerua_leubnitziae ,0,4,4,Grass,Unvegetated_patch,17.64,17.9,17.64,0.26,0,0,3.982537211,4,100.438484,NA,NA,NA
155,H3 ,Arthraerua_leubnitziae ,8,4,4.0829,Grass,Unvegetated_patch,17.99,18.24,18.09,0.25,0.1,40,3.982537211,2.44974,61.51204296,0.529973316,43.90971415,82.85268866
117,H3,Arthraerua_leubnitziae ,14,4,6.0269,Grass,Unvegetated_patch,62.11,62.37,62.29,0.26,0.18,69.23076923,3.982537211,1.854430769,46.5640538,0.384365868,44.54168032,115.8835476
118,H3,Arthraerua_leubnitziae ,0,4,3.9502,Grass,Vegetated_patch,20.15,20.4,20.15,0.25,0,0,3.982537211,3.9502,99.1880249,NA,NA,NA
156,H3 ,Arthraerua_leubnitziae ,4,4,3.6615,Grass,Vegetated_patch,17.15,17.4,17.21,0.25,0.06,24,3.982537211,2.78274,69.87354676,0.70611708,50.86282803,72.03172028
157,H3 ,Arthraerua_leubnitziae ,8,4,3.1884,Grass,Vegetated_patch,58.39,58.64,58.4,0.25,0.01,4,3.982537211,3.060864,76.85713499,0.542666421,51.36498705,94.65296745
119,H3,Arthraerua_leubnitziae ,0,4,4,Shrub,Unvegetated_patch,18.77,19.02,18.76,0.25,-0.01,-4,3.998031159,4.16,104.0512151,NA,NA,NA
120,H3,Arthraerua_leubnitziae ,4,4,3.3245,Shrub,Unvegetated_patch,40.4,40.65,40.46,0.25,0.06,24,3.998031159,2.52662,63.19660601,0.493313171,16.71247404,33.87802116
121,H3,Arthraerua_leubnitziae ,8,4,3.9462,Shrub,Unvegetated_patch,19.12,19.37,19.21,0.25,0.09,36,3.998031159,2.525568,63.17029306,0.380360666,44.49324629,116.9764654
122,H3,Arthraerua_leubnitziae ,14,4,4.8794,Shrub,Unvegetated_patch,20.15,20.41,20.21,0.26,0.06,23.07692308,3.998031159,3.753384615,93.88082448,0.776564796,20.70052294,26.65653019
125,H3,Ectadium_rotundifolium ,0,4,4,Grass,Unvegetated_patch,18.08,18.31,18.08,0.23,0,0,3.982537211,4,100.438484,NA,NA,NA
126,H3,Ectadium_rotundifolium ,4,4,3.2038,Grass,Unvegetated_patch,17.24,17.49,17.27,0.25,0.03,12,3.982537211,2.819344,70.79265932,0.435495644,42.02412473,96.49723329
127,H3,Ectadium_rotundifolium ,8,4,NA,Grass,Unvegetated_patch,NA,NA,NA,NA,NA,NA,3.982537211,NA,NA,NA,NA,NA
128,H3,Ectadium_rotundifolium ,14,4,3.8003,Grass,Unvegetated_patch,16.67,16.93,16.75,0.26,0.08,30.76923077,3.982537211,2.630976923,66.06283341,0.353397534,39.44304839,111.6109894
129,H3,Ectadium_rotundifolium ,0,4,4,Grass,Vegetated_patch,16.5,16.75,16.5,0.25,0,0,3.982537211,4,100.438484,NA,NA,NA
130,H3,Ectadium_rotundifolium ,8,4,4.4663,Grass,Vegetated_patch,39.5,39.75,39.63,0.25,0.13,52,3.982537211,2.143824,53.83060814,0.582917559,34.89537333,59.86330796
131,H3,Ectadium_rotundifolium ,4,4,3.776,Grass,Vegetated_patch,17.14,17.39,17.23,0.25,0.09,36,3.982537211,2.41664,60.68091451,0.481469247,37.61104924,78.11724107
132,H3,Ectadium_rotundifolium ,14,4,3.6452,Grass,Vegetated_patch,16.69,16.94,16.79,0.25,0.1,40,3.982537211,2.18712,54.91775429,0.443576791,43.52966735,98.13332937
133,H3,Ectadium_rotundifolium ,0,4,4,Shrub,Unvegetated_patch,17.45,17.7,17.44,0.25,-0.01,-4,3.998031159,4.16,104.0512151,NA,NA,NA
134,H3,Ectadium_rotundifolium ,4,4,4.196,Shrub,Unvegetated_patch,16.38,16.63,16.49,0.25,0.11,44,3.998031159,2.34976,58.77292863,0.263160561,10.69058401,40.62380762
135,H3,Ectadium_rotundifolium ,8,4,NA,Shrub,Unvegetated_patch,NA,NA,NA,NA,NA,NA,3.998031159,NA,NA,NA,NA,NA
136,H3,Ectadium_rotundifolium ,14,4,3.5303,Shrub,Unvegetated_patch,20.14,20.43,20.35,0.29,0.21,72.4137931,3.998031159,0.973875862,99.08468468,0.404974511,15.0155947,37.077876
161,H3 ,Ectadium_rotundifolium ,0,4,4,Shrub,Vegetated_patch,16.33,16.57,16.33,0.24,0,0,3.998031159,4,100.0492453,NA,NA,NA
139,H3,Ectadium_rotundifolium ,8,4,3.636,Shrub,Vegetated_patch,39.43,39.67,39.48,0.24,0.05,20.83333333,3.998031159,2.8785,71.99793812,0.444857229,18.29833032,41.13304032
140,H3,Ectadium_rotundifolium ,4,4,4.1055,Shrub,Vegetated_patch,17.24,17.49,17.37,0.25,0.13,52,3.998031159,1.97064,49.29026117,0.474944191,21.07239419,44.36814808
141,H3,Ectadium_rotundifolium ,14,4,3.4521,Shrub,Vegetated_patch,20.15,20.42,20.17,0.27,0.02,7.407407407,3.998031159,3.196388889,79.94907397,0.370218152,14.0261582,37.88619793
142,H3,Salsola_nollothensis,0,4,4,Grass,Unvegetated_patch,18.76,19.03,18.76,0.27,0,0,3.982537211,4,100.438484,NA,NA,NA
143,H3,Salsola_nollothensis,4,4,4.0015,Grass,Unvegetated_patch,18.83,19.09,18.86,0.26,0.03,11.53846154,3.982537211,3.539788462,88.88274671,NA,NA,NA
144,H3,Salsola_nollothensis,8,4,3.9342,Grass,Unvegetated_patch,17.25,17.52,17.32,0.27,0.07,25.92592593,3.982537211,2.914222222,73.17501553,0.236529418,46.38757285,69.73185238
162,H3 ,Salsola_nollothensis,14,4,6.6767,Grass,Unvegetated_patch,42.42,42.66,42.62,0.24,0.2,83.33333333,3.982537211,1.112783333,27.94156776,NA,NA,NA
145,H3,Salsola_nollothensis,0,4,4,Grass,Vegetated_patch,16.32,16.56,16.32,0.24,0,0,3.982537211,4,100.438484,NA,NA,NA
146,H3,Salsola_nollothensis,4,4,4.453,Grass,Vegetated_patch,18.09,18.34,18.11,0.25,0.02,8,3.982537211,4.09676,102.868091,NA,NA,NA
147,H3,Salsola_nollothensis,8,4,5.8815,Grass,Vegetated_patch,58.39,58.62,58.49,0.23,0.1,43.47826087,3.982537211,3.324326087,83.47256814,NA,NA,NA
148,H3,Salsola_nollothensis,14,4,5.12,Grass,Vegetated_patch,17.24,17.49,17.45,0.25,0.21,84,3.982537211,0.8192,84.16007781,0.497633098,40.19758265,80.77755038
149,H3,Salsola_nollothensis,0,4,4,Shrub,Unvegetated_patch,19.12,19.37,19.13,0.25,0.01,4,3.998031159,3.84,96.04727545,NA,NA,NA
150,H3,Salsola_nollothensis,4,4,4.8829,Shrub,Unvegetated_patch,17.25,17.49,17.39,0.24,0.14,58.33333333,3.998031159,2.034541667,50.88858955,0.493702338,18.2511182,36.96785857
151,H3,Salsola_nollothensis,8,4,4.0773,Shrub,Unvegetated_patch,19.12,19.38,19.22,0.26,0.1,38.46153846,3.998031159,2.509107692,62.75858272,0.591193865,22.38065853,37.85671651
152,H3,Salsola_nollothensis,14,4,NA,Shrub,Unvegetated_patch,NA,NA,NA,NA,NA,NA,3.998031159,NA,NA,NA,NA,NA
163,H3 ,Salsola_nollothensis,0,4,4,Shrub,Vegetated_patch,17.19,17.43,17.2,0.24,0.01,4.166666667,3.998031159,3.833333333,95.88052671,NA,NA,NA
153,H3,Salsola_nollothensis,4,4,4.026,Shrub,Vegetated_patch,19.13,19.37,19.15,0.24,0.02,8.333333333,3.998031159,3.6905,92.30793491,0.479851341,18.24561137,38.02346647
154,H3,Salsola_nollothensis,8,4,3.9874,Shrub,Vegetated_patch,62.1,62.36,62.15,0.26,0.05,19.23076923,3.998031159,3.220592308,80.55445742,0.357232154,11.95983099,33.47915593
166,H3 ,Salsola_nollothensis,14,4,3.4778,Shrub,Vegetated_patch,16.67,16.92,16.71,0.25,0.04,16,3.998031159,2.921352,73.06976568,0.47102985,17.94375999,38.09474072
167,H4,Arthraerua_leubnitziae ,0,4,4,Grass,Unvegetated_patch,17.13,17.38,17.13,0.25,0,0,3.982537211,4,100.438484,NA,NA,NA
200,H4 ,Arthraerua_leubnitziae ,4,4,4.932,Grass,Unvegetated_patch,17.65,17.9,17.79,0.25,0.14,56,3.982537211,2.17008,54.48988635,0.854588608,17.69995046,31.82137964
170,H4,Arthraerua_leubnitziae ,8,4,3.1407,Grass,Unvegetated_patch,16.32,16.56,16.33,0.24,0.01,4.166666667,3.982537211,3.0098375,75.57587891,0.475291614,56.30867172,60.40438379
201,H4 ,Arthraerua_leubnitziae ,0,4,3.9001,Grass,Vegetated_patch,16.67,16.93,16.67,0.26,0,0,3.982537211,3.9001,97.93003288,NA,NA,NA
168,H4,Arthraerua_leubnitziae ,4,4,4.6544,Grass,Vegetated_patch,18.76,19.02,18.87,0.26,0.11,42.30769231,3.982537211,2.685230769,67.42512693,0.781147861,50.58101248,64.75216153
169,H4,Arthraerua_leubnitziae ,8,4,3.7082,Grass,Vegetated_patch,16.38,16.62,16.4,0.24,0.02,8.333333333,3.982537211,3.399183333,85.35220523,0.851548055,57.06462963,67.01281192
171,H4,Arthraerua_leubnitziae ,14,4,3.9036,Grass,Vegetated_patch,20.15,20.4,20.18,0.25,0.03,12,3.982537211,3.435168,86.25576657,0.442295196,47.73261029,107.9202549
172,H4,Arthraerua_leubnitziae ,0,4,4,Shrub,Unvegetated_patch,17.99,18.24,18,0.25,0.01,4,3.998031159,3.84,96.04727545,NA,NA,NA
202,H4 ,Arthraerua_leubnitziae ,4,4,7.6294,Shrub,Unvegetated_patch,17.42,17.8,17.68,0.38,0.26,68.42105263,3.998031159,2.409284211,60.26176672,0.483286409,20.26225726,41.9259819
173,H4,Arthraerua_leubnitziae ,8,4,4.0139,Shrub,Unvegetated_patch,16.69,16.94,16.8,0.25,0.11,44,3.998031159,2.247784,56.22227318,0.373854248,17.03940046,45.57765643
175,H4,Arthraerua_leubnitziae ,14,4,4.4125,Shrub,Unvegetated_patch,17.99,18.24,18.06,0.25,0.07,28,3.998031159,3.177,79.46411305,0.617482424,17.56307862,28.44304214
203,H4 ,Arthraerua_leubnitziae ,0,4,4,Shrub,Vegetated_patch,17.11,17.36,17.12,0.25,0.01,4,3.998031159,3.84,96.04727545,NA,NA,NA
205,H4 ,Arthraerua_leubnitziae ,4,4,4.0909,Shrub,Vegetated_patch,53.63,53.88,53.76,0.25,0.13,52,3.998031159,1.963632,49.11497489,0.413321935,13.1555659,31.8288598
176,H4,Arthraerua_leubnitziae ,8,4,5.3926,Shrub,Vegetated_patch,17.24,17.49,17.42,0.25,0.18,72,3.998031159,1.509928,37.7667892,0.511214873,19.37273428,37.89548254
177,H4,Arthraerua_leubnitziae ,14,4,5.6345,Shrub,Vegetated_patch,17.25,17.51,17.4,0.26,0.15,57.69230769,3.998031159,2.383826923,59.62502112,0.687731878,19.04390122,27.69088043
178,H4,Ectadium_rotundifolium ,0,4,3.9321,Grass,Unvegetated_patch,17.16,17.4,17.16,0.24,0,0,3.982537211,3.9321,98.73354076,NA,NA,NA
206,H4 ,Ectadium_rotundifolium ,4,4,4.691,Grass,Unvegetated_patch,17.14,17.39,17.26,0.25,0.12,48,3.982537211,2.43932,61.25040071,0.40830291,42.78744625,104.7933904
207,H4 ,Ectadium_rotundifolium ,8,4,3.7837,Grass,Unvegetated_patch,16.69,16.95,16.73,0.26,0.04,15.38461538,3.982537211,3.201592308,80.39076946,0.55106414,42.44123543,77.01687035
208,H4 ,Ectadium_rotundifolium ,0,4,3.502,Grass,Vegetated_patch,17.17,17.43,17.17,0.26,0,0,3.982537211,3.502,87.93389276,NA,NA,NA
180,H4,Ectadium_rotundifolium ,4,4,3.2638,Grass,Vegetated_patch,51.92,52.17,51.96,0.25,0.04,16,3.982537211,2.741592,68.84033607,0.378814366,43.283496,114.2604395
209,H4 ,Ectadium_rotundifolium ,8,4,3.0586,Grass,Vegetated_patch,51.86,52.11,51.88,0.25,0.02,8,3.982537211,2.813912,70.65626386,0.681759682,48.32038944,70.8759857
181,H4,Ectadium_rotundifolium ,14,4,NA,Grass,Vegetated_patch,NA,NA,NA,NA,NA,NA,3.982537211,NA,NA,NA,NA,NA
182,H4,Ectadium_rotundifolium ,0,4,4,Shrub,Unvegetated_patch,17.22,17.46,17.22,0.24,0,0,3.998031159,4,100.0492453,NA,NA,NA
210,H4 ,Ectadium_rotundifolium ,4,4,4.3179,Shrub,Unvegetated_patch,16.67,16.92,16.78,0.25,0.11,44,3.998031159,2.418024,60.48036905,0.405393959,16.98761432,41.90396508
211,H4 ,Ectadium_rotundifolium ,8,4,4.4427,Shrub,Unvegetated_patch,17.99,18.24,18.12,0.25,0.13,52,3.998031159,2.132496,53.33865383,0.440655647,15.9774974,36.25846507
183,H4,Ectadium_rotundifolium ,14,4,3.7386,Shrub,Unvegetated_patch,16.38,16.64,16.55,0.26,0.17,65.38461538,3.998031159,1.294130769,32.36920168,0.480629367,12.2522391,25.49207338
212,H4 ,Ectadium_rotundifolium ,0,4,4,Shrub,Vegetated_patch,17.19,17.44,17.19,0.25,0,0,3.998031159,4,100.0492453,NA,NA,NA
184,H4,Ectadium_rotundifolium ,4,4,4.1408,Shrub,Vegetated_patch,53.5,53.76,53.55,0.26,0.05,19.23076923,3.998031159,3.344492308,83.65348279,0.6477693,18.46562974,28.50649104
213,H4 ,Ectadium_rotundifolium ,8,4,4.1816,Shrub,Vegetated_patch,53.59,53.84,53.71,0.25,0.12,48,3.998031159,2.174432,54.38757012,0.326458535,13.01569174,39.86935664
185,H4,Ectadium_rotundifolium ,14,4,NA,Shrub,Vegetated_patch,NA,NA,NA,NA,NA,NA,3.998031159,NA,NA,NA,NA,NA
186,H4,Salsola_nollothensis,0,4,4,Grass,Unvegetated_patch,17.24,17.5,17.24,0.26,0,0,3.982537211,4,100.438484,NA,NA,NA
187,H4,Salsola_nollothensis,4,4,4.0055,Grass,Unvegetated_patch,42.42,42.68,42.43,0.26,0.01,3.846153846,3.982537211,3.851442308,96.70825667,NA,NA,NA
188,H4,Salsola_nollothensis,8,4,3.9428,Grass,Unvegetated_patch,16.37,16.62,16.41,0.25,0.04,16,3.982537211,3.311952,83.16185951,0.54266846,48.67255193,89.69113837
189,H4,Salsola_nollothensis,14,4,NA,Grass,Unvegetated_patch,NA,NA,NA,NA,NA,NA,3.982537211,NA,NA,NA,NA,NA
214,H4 ,Salsola_nollothensis,0,4,3.5621,Grass,Vegetated_patch,17.32,17.78,17.32,0.46,0,0,3.982537211,3.5621,89.44298098,NA,NA,NA
191,H4,Salsola_nollothensis,4,4,4.2257,Grass,Vegetated_patch,17.25,17.51,17.28,0.26,0.03,11.53846154,3.982537211,3.738119231,93.86275716,0.550037214,48.19090501,87.61389916
192,H4,Salsola_nollothensis,8,4,4.193,Grass,Vegetated_patch,17.42,17.68,17.44,0.26,0.02,7.692307692,3.982537211,3.870461538,97.18582235,0.420851226,46.31170944,110.0429476
193,H4,Salsola_nollothensis,14,4,NA,Grass,Vegetated_patch,NA,NA,NA,NA,NA,NA,3.982537211,NA,NA,NA,NA,NA
194,H4,Salsola_nollothensis,0,4,4,Shrub,Unvegetated_patch,17.14,17.39,17.14,0.25,0,0,3.998031159,4,100.0492453,NA,NA,NA
195,H4,Salsola_nollothensis,4,4,3.9307,Shrub,Unvegetated_patch,40.4,40.66,40.47,0.26,0.07,26.92307692,3.998031159,2.872434615,71.84622883,0.444857229,18.29833032,41.13304032
196,H4,Salsola_nollothensis,8,4,4.0666,Shrub,Unvegetated_patch,17.12,17.38,17.25,0.26,0.13,50,3.998031159,2.0333,50.8575326,0.580307715,16.25313883,28.0077938
197,H4,Salsola_nollothensis,14,4,NA,Shrub,Unvegetated_patch,NA,NA,NA,NA,NA,NA,3.998031159,NA,NA,NA,NA,NA
215,H4 ,Salsola_nollothensis,0,4,4,Shrub,Vegetated_patch,17.3,17.47,17.3,0.17,0,0,3.998031159,4,100.0492453,NA,NA,NA
199,H4,Salsola_nollothensis,4,4,4.0956,Shrub,Vegetated_patch,17.18,17.43,17.22,0.25,0.04,16,3.998031159,3.440304,86.04995466,0.744365717,24.58660278,33.03027293
198,H4,Salsola_nollothensis,8,4,4.2443,Shrub,Vegetated_patch,20.15,20.4,20.3,0.25,0.15,60,3.998031159,1.69772,42.46390116,0.428069134,18.53641244,43.30238036
216,H5,Arthraerua_leubnitziae ,0,4,4,Grass,Unvegetated_patch,39.5,39.75,39.5,0.25,0,0,3.982537211,4,100.438484,NA,NA,NA
251,H5 ,Arthraerua_leubnitziae ,4,4,3.0451,Grass,Unvegetated_patch,20.15,20.4,20.18,0.25,0.03,12,3.982537211,2.679688,67.28595009,0.468341778,39.79133434,84.96217132
252,H5 ,Arthraerua_leubnitziae ,8,4,4.536,Grass,Unvegetated_patch,17.65,17.88,17.76,0.23,0.11,47.82608696,3.982537211,2.366608696,59.42464742,0.501764315,50.08698545,99.82173697
253,H5 ,Arthraerua_leubnitziae ,0,4,4,Grass,Vegetated_patch,36.44,36.7,36.45,0.26,0.01,3.846153846,3.982537211,3.846153846,96.57546541,NA,NA,NA
254,H5 ,Arthraerua_leubnitziae ,4,4,4.9452,Grass,Vegetated_patch,17.25,17.5,17.37,0.25,0.12,48,3.982537211,2.571504,64.56949085,0.367376093,45.10447248,122.7746532
217,H5,Arthraerua_leubnitziae ,14,4,5.4384,Grass,Vegetated_patch,20.15,20.4,20.26,0.25,0.11,44,3.982537211,3.045504,76.47145121,0.460911172,45.54037879,98.80510938
218,H5,Arthraerua_leubnitziae ,0,4,4,Shrub,Unvegetated_patch,39.43,39.67,39.43,0.24,0,0,3.998031159,4,100.0492453,NA,NA,NA
255,H5 ,Arthraerua_leubnitziae ,4,4,4.0843,Shrub,Unvegetated_patch,42.42,42.67,42.56,0.25,0.14,56,3.998031159,1.797092,44.94942456,NA,NA,NA
219,H5,Arthraerua_leubnitziae ,8,4,4.19,Shrub,Unvegetated_patch,17.18,17.43,17.32,0.25,0.14,56,3.998031159,1.8436,46.11269714,0.382745518,14.26853413,37.27942836
256,H5 ,Arthraerua_leubnitziae ,0,4,4,Shrub,Vegetated_patch,38.29,38.52,38.29,0.23,0,0,3.998031159,4,100.0492453,NA,NA,NA
257,H5 ,Arthraerua_leubnitziae ,4,4,4.6885,Shrub,Vegetated_patch,19.12,19.36,19.19,0.24,0.07,29.16666667,3.998031159,3.321020833,83.06640697,0.50995908,23.94854731,46.96170387
220,H5,Arthraerua_leubnitziae ,8,4,4.2872,Shrub,Vegetated_patch,17.24,17.49,17.33,0.25,0.09,36,3.998031159,2.743808,68.62897988,0.515750317,18.34997922,35.57919133
221,H5,Arthraerua_leubnitziae ,14,4,7.056,Shrub,Vegetated_patch,39.5,39.75,39.78,0.25,0.28,112,3.998031159,-0.84672,50.28490028,0.380863331,15.80477005,41.49722163
222,H5,Ectadium_rotundifolium ,0,4,4,Grass,Unvegetated_patch,17.55,17.8,17.55,0.25,0,0,3.982537211,4,100.438484,NA,NA,NA
223,H5,Ectadium_rotundifolium ,8,4,3.569,Grass,Unvegetated_patch,36.42,36.69,36.46,0.27,0.04,14.81481481,3.982537211,3.040259259,76.33975776,0.538998451,40.41050349,74.97332023
224,H5,Ectadium_rotundifolium ,4,4,3.5294,Grass,Unvegetated_patch,36.44,36.69,36.47,0.25,0.03,12,3.982537211,3.105872,77.98726881,0.74339122,48.87111659,65.74077722
225,H5,Ectadium_rotundifolium ,14,4,3.4167,Grass,Unvegetated_patch,42.42,42.69,42.45,0.27,0.03,11.11111111,3.982537211,3.037066667,76.25959297,0.555470131,47.71601843,85.90204179
222,H5,Ectadium_rotundifolium ,0,4,4,Grass,Unvegetated_patch,17.55,17.8,17.55,0.25,0,0,3.982537211,4,100.438484,NA,NA,NA
226,H5,Ectadium_rotundifolium ,4,4,4.1621,Grass,Vegetated_patch,17.11,17.37,17.18,0.26,0.07,26.92307692,3.982537211,3.041534615,76.37178147,0.556228255,48.82806051,65.75543179
227,H5,Ectadium_rotundifolium ,8,4,3.4167,Grass,Vegetated_patch,51.84,52.1,51.84,0.26,0,0,3.982537211,3.4167,85.79204209,0.465756426,46.7187954,100.3073554
228,H5,Ectadium_rotundifolium ,14,4,NA,Grass,Vegetated_patch,NA,NA,NA,NA,NA,NA,3.982537211,NA,NA,NA,NA,NA
229,H5,Ectadium_rotundifolium ,0,4,4,Shrub,Unvegetated_patch,18.62,18.87,18.63,0.25,0.01,4,3.998031159,3.84,96.04727545,NA,NA,NA
230,H5,Ectadium_rotundifolium ,8,4,4.8233,Shrub,Unvegetated_patch,38.3,38.54,38.45,0.24,0.15,62.5,3.998031159,1.8087375,45.24070544,0.408646462,18.8291852,46.07695636
231,H5,Ectadium_rotundifolium ,4,4,4.1455,Shrub,Unvegetated_patch,42.29,42.69,42.38,0.4,0.09,22.5,3.998031159,3.2127625,80.35861583,0.521074201,17.71708576,34.00108031
232,H5,Ectadium_rotundifolium ,14,4,NA,Shrub,Unvegetated_patch,NA,NA,NA,NA,NA,NA,3.998031159,NA,NA,NA,NA,NA
258,H5 ,Ectadium_rotundifolium ,0,4,4,Shrub,Vegetated_patch,17.21,17.46,17.22,0.25,0.01,4,3.982537211,3.84,96.42094466,NA,NA,NA
235,H5,Ectadium_rotundifolium ,4,4,4.1395,Shrub,Vegetated_patch,17.65,17.9,17.74,0.25,0.09,36,3.998031159,2.64928,66.26461612,0.61639127,19.8178072,32.15134307
236,H5,Ectadium_rotundifolium ,8,4,3.6451,Shrub,Vegetated_patch,53.57,53.81,53.69,0.24,0.12,50,3.998031159,1.82255,45.58618799,0.452553893,16.36290257,36.15680434
237,H5,Ectadium_rotundifolium ,14,4,NA,Shrub,Vegetated_patch,NA,NA,NA,NA,NA,NA,3.998031159,NA,NA,NA,NA,NA
238,H5,Salsola_nollothensis,0,4,4,Grass,Unvegetated_patch,20.15,20.6,20.15,0.45,0,0,3.982537211,4,100.438484,NA,NA,NA
239,H5,Salsola_nollothensis,4,4,3.7876,Grass,Unvegetated_patch,17.25,17.51,17.27,0.26,0.02,7.692307692,3.982537211,3.496246154,87.78941587,NA,NA,NA
240,H5,Salsola_nollothensis,8,4,4.5369,Grass,Unvegetated_patch,18.83,19.09,18.98,0.26,0.15,57.69230769,3.982537211,1.919457692,48.19685519,NA,NA,NA
241,H5,Salsola_nollothensis,14,4,5.2065,Grass,Unvegetated_patch,39.51,39.75,39.68,0.24,0.17,70.83333333,3.982537211,1.5185625,38.13052885,1.784889608,50.20532311,28.12797099
260,H5 ,Salsola_nollothensis,0,4,4,Grass,Vegetated_patch,16.68,16.94,16.68,0.26,0,0,3.982537211,4,100.438484,NA,NA,NA
243,H5,Salsola_nollothensis,4,4,4.1621,Grass,Vegetated_patch,18.84,19.09,18.86,0.25,0.02,8,3.982537211,3.829132,96.1480533,0.620160216,52.17904995,84.1380156
244,H5,Salsola_nollothensis,14,4,6.0194,Grass,Vegetated_patch,17.14,17.4,17.26,0.26,0.12,46.15384615,3.982537211,3.241215385,81.3856899,0.535811658,47.05202217,87.81448012
245,H5,Salsola_nollothensis,0,4,4,Shrub,Unvegetated_patch,53.6,53.85,53.61,0.25,0.01,4,3.998031159,3.84,96.04727545,NA,NA,NA
246,H5,Salsola_nollothensis,4,4,3.9149,Shrub,Unvegetated_patch,18.76,19.02,18.82,0.26,0.06,23.07692308,3.998031159,3.011461538,75.32361351,0.519908739,19.92201788,38.31829782
247,H5,Salsola_nollothensis,8,4,4.2817,Shrub,Unvegetated_patch,20.15,20.4,20.29,0.25,0.14,56,3.998031159,1.883948,47.12189388,0.393622911,12.507164,31.77448178
248,H5,Salsola_nollothensis,14,4,NA,Shrub,Unvegetated_patch,NA,NA,NA,NA,NA,NA,3.998031159,NA,NA,NA,NA,NA
261,H5 ,Salsola_nollothensis,0,4,4,Shrub,Vegetated_patch,17.64,17.89,17.64,0.25,0,0,3.998031159,4,100.0492453,NA,NA,NA
249,H5,Salsola_nollothensis,4,4,4.1395,Shrub,Vegetated_patch,17.98,18.26,18.06,0.28,0.08,28.57142857,3.998031159,2.956785714,73.95604478,0.315647701,12.24377156,38.78935769
233,H5,Salsola_nollothensis,8,4,4.4585,Shrub,Vegetated_patch,39.43,39.68,39.59,0.25,0.16,64,3.998031159,1.60506,40.1462604,0.489959028,16.00251203,32.66091883
250,H5,Salsola_nollothensis,14,4,5.1386,Shrub,Vegetated_patch,18.09,18.33,18.31,0.24,0.22,91.66666667,3.998031159,0.428216667,10.71068858,NA,NA,NA
262,H6,Arthraerua_leubnitziae ,0,4,4,Grass,Unvegetated_patch,62.11,62.36,62.12,0.25,0.01,4,3.982537211,3.84,96.42094466,NA,NA,NA
264,H6,Arthraerua_leubnitziae ,4,4,3.6113,Grass,Unvegetated_patch,38.28,38.53,38.29,0.25,0.01,4,3.982537211,3.466848,87.05123936,0.616846276,42.43523426,68.79385664
263,H6,Arthraerua_leubnitziae ,8,4,3.4793,Grass,Unvegetated_patch,53.58,53.82,53.59,0.24,0.01,4.166666667,3.982537211,3.334329167,83.72374168,0.369208363,36.16633299,97.95642955
265,H6,Arthraerua_leubnitziae ,0,4,4,Shrub,Unvegetated_patch,58.39,58.64,58.39,0.25,0,0,3.998031159,4,100.0492453,NA,NA,NA
266,H6,Arthraerua_leubnitziae ,4,4,4.36,Shrub,Unvegetated_patch,16.31,16.55,16.45,0.24,0.14,58.33333333,3.998031159,1.816666667,45.43903222,NA,NA,NA
267,H6,Arthraerua_leubnitziae ,8,4,4.8282,Shrub,Unvegetated_patch,17.65,17.89,17.78,0.24,0.13,54.16666667,3.998031159,2.212925,55.35036902,0.540965677,19.25676097,35.59701064
269,H6,Arthraerua_leubnitziae ,14,4,3.9052,Shrub,Unvegetated_patch,17.24,17.5,17.29,0.26,0.05,19.23076923,3.998031159,3.1542,78.89383235,0.567147311,19.42102568,34.24335318
265,H6,Arthraerua_leubnitziae ,0,4,4,Shrub,Vegetated_patch,58.39,58.64,58.39,0.25,0,0,3.998031159,4,100.0492453,NA,NA,NA
268,H6,Arthraerua_leubnitziae ,8,4,4.3745,Shrub,Vegetated_patch,38.29,38.55,38.43,0.26,0.14,53.84615385,3.998031159,2.019,50.49985654,0.318077445,18.44900773,58.00162198
270,H6,Arthraerua_leubnitziae ,14,4,5.8244,Shrub,Vegetated_patch,19.12,19.38,19.27,0.26,0.15,57.69230769,3.998031159,2.464169231,61.63456793,0.379901299,17.4133708,45.83656557
271,H6,Ectadium_rotundifolium ,0,4,4,Grass,Unvegetated_patch,17.2,17.45,17.2,0.25,0,0,3.982537211,4,100.438484,NA,NA,NA
272,H6,Ectadium_rotundifolium ,4,4,4.4979,Grass,Unvegetated_patch,18.08,18.34,18.22,0.26,0.14,53.84615385,3.982537211,2.075953846,52.1264143,0.399084724,42.48714921,106.4614772
273,H6,Ectadium_rotundifolium ,8,4,4.808,Grass,Unvegetated_patch,16.38,16.63,16.48,0.25,0.1,40,3.982537211,2.8848,72.43623468,0.526041588,30.62070365,81.0003327
271,H6,Ectadium_rotundifolium ,0,4,4,Grass,Vegetated_patch,17.2,17.45,17.2,0.25,0,0,3.982537211,4,100.438484,NA,NA,NA
274,H6,Ectadium_rotundifolium ,4,4,4.0909,Grass,Vegetated_patch,18.77,19.02,18.85,0.25,0.08,32,3.982537211,2.781812,69.85024503,0.714192253,42.56673626,59.60122933
275,H6,Ectadium_rotundifolium ,8,4,3.5295,Grass,Vegetated_patch,51.8,52.06,51.88,0.26,0.08,30.76923077,3.982537211,2.4435,61.35535893,0.602801814,40.71427741,67.54173009
276,H6,Ectadium_rotundifolium ,14,4,NA,Grass,Vegetated_patch,NA,NA,NA,NA,NA,NA,3.982537211,NA,NA,NA,NA,NA
277,H6,Ectadium_rotundifolium ,0,4,4,Shrub,Unvegetated_patch,17.43,17.69,17.43,0.26,0,0,3.998031159,4,100.0492453,NA,NA,NA
278,H6,Ectadium_rotundifolium ,4,4,5.9633,Shrub,Unvegetated_patch,17.16,17.43,17.33,0.27,0.17,62.96296296,3.998031159,2.20862963,55.24293187,0.576873332,20.30956741,35.20628585
279,H6,Ectadium_rotundifolium ,8,4,2.6749,Shrub,Unvegetated_patch,18,18.25,18.01,0.25,0.01,4,3.998031159,2.567904,64.22921427,0.314711214,13.82285093,43.92233361
280,H6,Ectadium_rotundifolium ,14,4,5.0567,Shrub,Unvegetated_patch,58.39,58.65,58.53,0.26,0.14,53.84615385,3.998031159,2.333861538,58.37527136,0.417184281,16.88129619,40.46484239
281,H6,Ectadium_rotundifolium ,0,4,4,Shrub,Vegetated_patch,17.18,17.44,17.28,0.26,0.1,38.46153846,3.998031159,3.023507692,75.62491566,NA,NA,NA
282,H6,Ectadium_rotundifolium ,4,4,4.0377,Shrub,Vegetated_patch,40.4,40.65,40.52,0.25,0.12,48,3.998031159,2.099604,52.51594889,0.330885111,13.37102862,40.40988304
283,H6,Ectadium_rotundifolium ,8,4,4.297,Shrub,Vegetated_patch,17.11,17.36,17.23,0.25,0.12,48,3.998031159,2.23444,55.88850889,0.393655527,18.19383179,46.21764594
284,H6,Ectadium_rotundifolium ,14,4,6.88,Shrub,Vegetated_patch,18.83,19.08,18.95,0.25,0.12,48,3.998031159,3.5776,89.48404496,0.445135476,18.0299609,40.5044349
285,H6,Salsola_nollothensis,0,4,4,Grass,Unvegetated_patch,39.59,39.84,39.59,0.25,0,0,3.982537211,4,100.438484,NA,NA,NA
286,H6,Salsola_nollothensis,4,4,3.6748,Grass,Unvegetated_patch,18.08,18.32,18.12,0.24,0.04,16.66666667,3.982537211,3.062333333,76.89402939,0.74339122,48.87111659,65.74077722
287,H6,Salsola_nollothensis,8,4,4.5199,Grass,Unvegetated_patch,19.12,19.38,19.22,0.26,0.1,38.46153846,3.982537211,2.781476923,69.84183137,NA,NA,NA
288,H6,Salsola_nollothensis,14,4,NA,Grass,Unvegetated_patch,NA,NA,NA,NA,NA,NA,3.982537211,NA,NA,NA,NA,NA
285,H6,Salsola_nollothensis,0,4,4,Grass,Vegetated_patch,39.59,39.84,39.59,0.25,0,0,3.982537211,4,100.438484,NA,NA,NA
289,H6,Salsola_nollothensis,4,4,4.0531,Grass,Vegetated_patch,39.43,39.68,39.43,0.25,0,0,3.982537211,4.0531,101.7718049,0.515134362,47.03735801,91.31085296
290,H6,Salsola_nollothensis,8,4,4.0497,Grass,Vegetated_patch,18.83,19.09,18.84,0.26,0.01,3.846153846,3.982537211,3.893942308,97.77541556,NA,NA,NA
291,H6,Salsola_nollothensis,14,4,7.3155,Grass,Vegetated_patch,38.3,38.54,38.53,0.24,0.23,95.83333333,3.982537211,0.3048125,77.95863454,0.74339122,48.87111659,65.74077722
292,H6,Salsola_nollothensis,0,4,4,Shrub,Unvegetated_patch,42.45,42.7,42.45,0.25,0,0,3.998031159,4,100.0492453,NA,NA,NA
293,H6,Salsola_nollothensis,4,4,4.0114,Shrub,Unvegetated_patch,17.15,17.4,17.24,0.25,0.09,36,3.998031159,2.567296,64.21400679,0.508794012,16.77780365,32.97563109
294,H6,Salsola_nollothensis,8,4,5.907,Shrub,Unvegetated_patch,18.82,19.09,18.99,0.27,0.17,62.96296296,3.998031159,2.187777778,54.72137886,0.49270265,18.43978444,37.42578701
295,H6,Salsola_nollothensis,14,4,NA,Shrub,Unvegetated_patch,NA,NA,NA,NA,NA,NA,3.998031159,NA,NA,NA,NA,NA
296,H6,Salsola_nollothensis,4,4,4.0678,Shrub,Vegetated_patch,36.43,36.65,36.45,0.22,0.02,9.090909091,3.998031159,3.698,92.49552724,0.491729898,19.43533545,39.52441273
297,H6,Salsola_nollothensis,0,4,3.568,Shrub,Vegetated_patch,17.11,17.36,17.16,0.25,0.05,20,3.998031159,2.8544,71.39514142,0.712907918,19.41975634,27.24020291
298,H6,Salsola_nollothensis,14,4,4.633,Shrub,Vegetated_patch,39.51,39.75,39.65,0.24,0.14,58.33333333,3.998031159,1.930416667,48.28418263,NA,NA,NA
305,H7,Arthraerua_leubnitziae ,0,4,4,Grass,Vegetated_patch,17.5,17.76,17.5,0.26,0,0,3.982537211,4,100.438484,NA,NA,NA
306,H7,Arthraerua_leubnitziae ,8,4,4.9901,Grass,Vegetated_patch,16.69,16.94,16.88,0.25,0.19,76,3.982537211,1.197624,30.07188475,0.541750412,50.04897343,92.38382166
307,H7,Arthraerua_leubnitziae ,4,4,3.8501,Grass,Vegetated_patch,36.42,36.71,36.49,0.29,0.07,24.13793103,3.982537211,2.920765517,73.33931518,0.544983033,40.05857727,73.504265
308,H7,Arthraerua_leubnitziae ,14,4,4.2848,Grass,Vegetated_patch,17.42,17.68,17.43,0.26,0.01,3.846153846,3.982537211,4.12,103.4516385,0.572046001,48.09486574,84.07517174
309,H7,Arthraerua_leubnitziae ,0,4,4,Shrub,Unvegetated_patch,16.34,16.59,16.34,0.25,0,0,3.998031159,4,100.0492453,NA,NA,NA
310,H7,Arthraerua_leubnitziae ,4,4,3.6561,Shrub,Unvegetated_patch,18.76,19.03,18.82,0.27,0.06,22.22222222,3.998031159,2.843633333,71.1258422,0.439189494,17.77871922,40.48074794
311,H7,Arthraerua_leubnitziae ,8,4,3.3739,Shrub,Vegetated_patch,62.12,62.34,62.2,0.22,0.08,36.36363636,3.998031159,2.147027273,53.70211455,0.439799339,19.5512497,44.45493202
312,H7,Arthraerua_leubnitziae ,14,4,3.6437,Shrub,Unvegetated_patch,18.78,19.02,18.85,0.24,0.07,29.16666667,3.998031159,2.580954167,64.55562911,0.582706173,17.46757785,29.97664804
313,H7,Ectadium_rotundifolium ,0,4,4,Grass,Unvegetated_patch,16.38,16.63,16.38,0.25,0,0,3.982537211,4,100.438484,NA,NA,NA
314,H7,Ectadium_rotundifolium ,4,4,3.0427,Grass,Unvegetated_patch,51.86,52.1,51.88,0.24,0.02,8.333333333,3.982537211,2.789141667,70.03429018,0.511142018,19.02327716,37.21720481
315,H7,Ectadium_rotundifolium ,8,4,NA,Grass,Unvegetated_patch,NA,NA,NA,NA,NA,NA,3.982537211,NA,NA,NA,NA,NA
316,H7,Ectadium_rotundifolium ,14,4,3.23,Grass,Unvegetated_patch,16.31,16.56,16.33,0.25,0.02,8,3.982537211,2.9716,74.61574978,0.37924043,45.76250713,120.6688515
313,H7,Ectadium_rotundifolium ,0,4,4,Grass,Vegetated_patch,16.38,16.63,16.38,0.25,0,0,3.982537211,4,100.438484,NA,NA,NA
317,H7,Ectadium_rotundifolium ,8,4,3.5634,Grass,Vegetated_patch,18.71,19.02,18.75,0.31,0.04,12.90322581,3.982537211,3.103606452,77.93038175,0.400626011,40.23954512,100.4416689
318,H7,Ectadium_rotundifolium ,14,4,5.7424,Grass,Vegetated_patch,53.54,53.81,53.65,0.27,0.11,40.74074074,3.982537211,3.402903704,85.44562232,0.527316655,49.24303953,93.3841916
319,H7,Ectadium_rotundifolium ,0,4,4,Shrub,Unvegetated_patch,17.45,17.7,17.44,0.25,-0.01,-4,3.998031159,4.16,104.0512151,NA,NA,NA
320,H7,Ectadium_rotundifolium ,4,4,4.1618,Shrub,Unvegetated_patch,53.59,53.85,53.72,0.26,0.13,50,3.998031159,2.0809,52.04811861,0.474944191,21.07239419,44.36814808
321,H7,Ectadium_rotundifolium ,8,4,4.2059,Shrub,Unvegetated_patch,17.11,17.37,17.2,0.26,0.09,34.61538462,3.998031159,2.750011538,68.78414472,0.306446731,10.56507013,34.47604119
323,H7,Ectadium_rotundifolium ,14,4,6.1866,Shrub,Unvegetated_patch,19.12,19.37,19.4,0.25,0.28,112,3.998031159,-0.742392,-18.56893982,NA,NA,NA
341,H7 ,Ectadium_rotundifolium ,0,4,4,Shrub,Vegetated_patch,16.52,16.77,16.53,0.25,0.01,4,3.998031159,3.84,96.04727545,NA,NA,NA
324,H7,Ectadium_rotundifolium ,4,4,4.0034,Shrub,Vegetated_patch,17.18,17.44,17.28,0.26,0.1,38.46153846,3.998031159,2.463630769,61.62109976,0.432357349,18.37873519,42.50820582
325,H7,Ectadium_rotundifolium ,8,4,4.2704,Shrub,Vegetated_patch,16.67,16.92,16.82,0.25,0.15,60,3.998031159,1.70816,42.72502969,0.339156645,17.78413615,52.43634892
327,H7,Ectadium_rotundifolium ,14,4,5.2868,Shrub,Vegetated_patch,51.81,52.05,51.92,0.24,0.11,45.83333333,3.998031159,2.863683333,71.62733904,0.660127313,20.54215175,31.11846963
331,H7,Salsola_nollothensis,0,4,3.9682,Grass,Vegetated_patch,18.09,18.33,18.1,0.24,0.01,4.166666667,3.982537211,3.802858333,95.48833149,NA,NA,NA
329,H7,Salsola_nollothensis,4,4,4.2799,Grass,Vegetated_patch,17.13,17.39,17.19,0.26,0.06,23.07692308,3.982537211,3.292230769,82.66666688,NA,NA,NA
330,H7,Salsola_nollothensis,8,4,4.6849,Grass,Vegetated_patch,39.5,39.75,39.5,0.25,0,0,3.982537211,4.6849,117.6360634,NA,NA,NA
332,H7,Salsola_nollothensis,14,4,5.9153,Grass,Vegetated_patch,17.24,17.5,17.34,0.26,0.1,38.46153846,3.982537211,3.640184615,91.40365608,0.443795049,43.60579163,98.25659788
344,H7 ,Salsola_nollothensis,0,4,4,Shrub,Vegetated_patch,38.26,38.53,38.26,0.27,0,0,3.998031159,4,100.0492453,NA,NA,NA
335,H7,Salsola_nollothensis,4,4,4.1178,Shrub,Vegetated_patch,NA,NA,NA,NA,NA,NA,3.998031159,NA,NA,NA,NA,NA
336,H7,Salsola_nollothensis,8,4,5.2812,Shrub,Vegetated_patch,17.25,17.51,17.4,0.26,0.15,57.69230769,3.998031159,2.234353846,55.88635399,0.482759158,17.82641116,36.92609629
337,H7,Salsola_nollothensis,14,4,3.5475,Shrub,Vegetated_patch,17.18,17.44,17.2,0.26,0.02,7.692307692,3.998031159,3.274615385,81.90569944,0.330697587,16.14321006,48.81562697
328,H7,Salsola_nollothensis,0,4,3.5231,Grass,Unvegetated_patch,40.4,40.65,40.4,0.25,0,0,3.982537211,3.5231,88.46370576,NA,NA,NA
334,H7,Ectadium_rotundifolium ,4,4,3.3055,Grass,Unvegetated_patch,17.25,17.49,17.29,0.24,0.04,16.66666667,3.998031159,2.754583333,68.89849587,0.473940257,41.12683458,86.77641107
346,H8,Arthraerua_leubnitziae ,8,4,3.9324,Grass,Unvegetated_patch,17.65,17.9,17.75,0.25,0.1,40,3.982537211,2.35944,59.24464419,0.512627884,41.51856629,80.99162677
342,H7 ,Salsola_nollothensis,14,4,4.4347,Grass,Unvegetated_patch,16.67,16.93,16.69,0.26,0.02,7.692307692,3.982537211,4.093569231,102.7879719,1.308473622,39.26282048,30.00658157
347,H8,Arthraerua_leubnitziae ,0,4,3.9912,Grass,Vegetated_patch,16.82,17.08,16.81,0.26,-0.01,-3.846153846,3.982537211,4.144707692,104.0720393,NA,NA,NA
348,H8,Arthraerua_leubnitziae ,8,4,3.9782,Grass,Vegetated_patch,58.4,58.63,58.49,0.23,0.09,39.13043478,3.982537211,2.421513043,60.80327478,0.6578325,41.32701379,62.82300405
349,H8,Arthraerua_leubnitziae ,14,4,3.9526,Grass,Vegetated_patch,17.14,17.39,17.17,0.25,0.03,12,3.982537211,3.478288,87.33849343,1.820540477,39.04642409,21.44770994
352,H8,Arthraerua_leubnitziae ,0,4,4,Shrub,Unvegetated_patch,17.19,17.41,17.2,0.22,0.01,4.545454545,3.998031159,3.818181818,95.50155229,NA,NA,NA
351,H8,Arthraerua_leubnitziae ,8,4,3.6794,Shrub,Unvegetated_patch,16.38,16.63,16.45,0.25,0.07,28,3.998031159,2.649168,66.26181474,0.461652091,17.76871041,38.48939659
354,H8,Ectadium_rotundifolium ,0,4,4,Grass,Unvegetated_patch,17.24,17.5,17.22,0.26,-0.02,-7.692307692,3.982537211,4.307692308,108.1645213,NA,NA,NA
355,H8,Ectadium_rotundifolium ,4,4,NA,Grass,Unvegetated_patch,NA,NA,NA,NA,NA,NA,3.982537211,NA,NA,NA,NA,NA
357,H8,Ectadium_rotundifolium ,14,4,4.3677,Grass,Unvegetated_patch,20.15,20.39,20.18,0.24,0.03,12.5,3.982537211,3.8217375,95.96238021,0.625236995,44.07194964,70.48839083
360,H8,Ectadium_rotundifolium ,0,4,4,Shrub,Vegetated_patch,20.05,20.3,20.04,0.25,-0.01,-4,3.998031159,4.16,104.0512151,NA,NA,NA
361,H8,Ectadium_rotundifolium ,4,4,3.3982,Shrub,Vegetated_patch,16.69,16.97,16.72,0.28,0.03,10.71428571,3.998031159,3.034107143,75.89003242,0.436788974,19.38790211,44.38734326
362,H8,Ectadium_rotundifolium ,8,4,3.9576,Shrub,Vegetated_patch,17.15,17.4,17.21,0.25,0.06,24,3.998031159,3.007776,75.23142968,0.746097382,23.41887388,31.38849492
363,H8,Ectadium_rotundifolium ,14,4,6.0218,Shrub,Vegetated_patch,16.67,16.92,16.88,0.25,0.21,84,3.998031159,0.963488,24.0990618,NA,NA,NA
364,H8,Salsola_nollothensis,0,4,4,Grass,Unvegetated_patch,40.48,40.73,40.48,0.25,0,0,3.982537211,4,100.438484,NA,NA,NA
365,H8,Salsola_nollothensis,4,4,4.1251,Grass,Unvegetated_patch,17.14,17.38,17.21,0.24,0.07,29.16666667,3.982537211,2.921945833,73.36895247,0.351816665,42.77109245,121.5721047
366,H8,Salsola_nollothensis,8,4,3.3258,Grass,Unvegetated_patch,42.43,42.68,42.45,0.25,0.02,8,3.982537211,3.059736,76.82881134,0.424699273,50.5249577,118.9664332
376,H8 ,Salsola_nollothensis,14,4,NA,Grass,Unvegetated_patch,NA,NA,NA,NA,NA,NA,3.982537211,NA,NA,NA,NA,NA
367,H8,Salsola_nollothensis,0,4,4,Grass,Vegetated_patch,62.2,62.46,62.2,0.26,0,0,3.982537211,4,100.438484,NA,NA,NA
368,H8,Salsola_nollothensis,4,4,3.9664,Grass,Vegetated_patch,40.4,40.65,40.41,0.25,0.01,4,3.982537211,3.807744,95.61100873,NA,NA,NA
369,H8,Salsola_nollothensis,8,4,4.074,Grass,Vegetated_patch,17.24,17.49,17.25,0.25,0.01,4,3.982537211,3.91104,98.20473214,NA,NA,NA
377,H8 ,Salsola_nollothensis,14,4,6.4242,Grass,Vegetated_patch,16.38,16.65,16.48,0.27,0.1,37.03703704,3.982537211,4.044866667,101.565069,NA,NA,NA
370,H8,Salsola_nollothensis,0,4,4,Shrub,Unvegetated_patch,38.29,38.54,38.3,0.25,0.01,4,3.998031159,3.84,96.04727545,NA,NA,NA
371,H8,Salsola_nollothensis,4,4,4.3812,Shrub,Unvegetated_patch,17.25,17.5,17.38,0.25,0.13,52,3.998031159,2.102976,52.6002904,0.384975857,15.69116459,40.7588276
372,H8,Salsola_nollothensis,8,4,7.1861,Shrub,Unvegetated_patch,39.43,39.68,39.58,0.25,0.15,60,3.998031159,2.87444,71.89638813,0.496099256,18.9413668,38.18059907
378,H8 ,Salsola_nollothensis,14,4,7.3957,Shrub,Unvegetated_patch,18.09,18.33,18.32,0.24,0.23,95.83333333,3.998031159,0.308154167,7.70764795,NA,NA,NA
373,H8,Salsola_nollothensis,0,4,4,Shrub,Vegetated_patch,16.37,16.62,16.36,0.25,-0.01,-4,3.998031159,4.16,104.0512151,NA,NA,NA
374,H8,Salsola_nollothensis,4,4,4.1388,Shrub,Vegetated_patch,42.42,42.67,42.56,0.25,0.14,56,3.998031159,1.821072,45.54921979,NA,NA,NA
375,H8,Salsola_nollothensis,8,4,3.5961,Shrub,Vegetated_patch,17.25,17.49,17.3,0.24,0.05,20.83333333,3.998031159,2.8469125,71.20786174,0.519166017,19.48238901,37.52631791
379,H8 ,Salsola_nollothensis,14,4,4.5006,Shrub,Vegetated_patch,16.68,16.94,16.84,0.26,0.16,61.53846154,3.998031159,1.731,43.29631089,0.689000502,19.64199405,28.50795316
380,H9,Arthraerua_leubnitziae ,0,4,4,Grass,Unvegetated_patch,18.76,19.03,18.76,0.27,0,0,3.982537211,4,100.438484,NA,NA,NA
381,H9,Arthraerua_leubnitziae ,4,4,4.7025,Grass,Unvegetated_patch,53.53,53.79,53.65,0.26,0.12,46.15384615,3.982537211,2.532115385,63.58045765,0.462378299,52.59988571,113.759417
384,H9,Arthraerua_leubnitziae ,8,4,3.6586,Grass,Unvegetated_patch,51.8,52.05,51.86,0.25,0.06,24,3.998031159,2.780536,69.54763205,0.413774945,13.9021854,33.59842242
385,H9,Arthraerua_leubnitziae ,0,4,4,Shrub,Vegetated_patch,16.42,16.66,16.41,0.24,-0.01,-4.166666667,3.998031159,4.166666667,104.2179638,NA,NA,NA
386,H9,Arthraerua_leubnitziae ,8,4,4.5504,Shrub,Vegetated_patch,16.32,16.56,16.45,0.24,0.13,54.16666667,3.998031159,2.0856,52.16567648,0.369470849,11.34825766,30.7148932
387,H9,Arthraerua_leubnitziae ,14,4,NA,Shrub,Vegetated_patch,NA,NA,NA,NA,NA,NA,3.998031159,NA,NA,NA,NA,NA
388,H9,Ectadium_rotundifolium ,0,4,4,Grass,Unvegetated_patch,39.52,39.78,39.52,0.26,0,0,3.982537211,4,100.438484,NA,NA,NA
389,H9,Ectadium_rotundifolium ,4,4,NA,Grass,Unvegetated_patch,NA,NA,NA,NA,NA,NA,3.982537211,NA,NA,NA,NA,NA
390,H9,Ectadium_rotundifolium ,14,4,NA,Grass,Unvegetated_patch,NA,NA,NA,NA,NA,NA,3.982537211,NA,NA,NA,NA,NA
391,H9,Ectadium_rotundifolium ,0,4,4,Shrub,Unvegetated_patch,36.35,36.6,36.34,0.25,-0.01,-4,3.998031159,4.16,104.0512151,NA,NA,NA
392,H9,Ectadium_rotundifolium ,4,4,3.908,Shrub,Unvegetated_patch,42.43,42.68,42.46,0.25,0.03,12,3.998031159,3.43904,86.0183391,0.445931411,14.3177288,32.10746867
394,H9,Ectadium_rotundifolium ,14,4,NA,Shrub,Unvegetated_patch,NA,NA,NA,NA,NA,NA,3.998031159,NA,NA,NA,NA,NA
395,H9,Salsola_nollothensis,0,4,4,Grass,Unvegetated_patch,39.53,39.78,39.53,0.25,0,0,3.982537211,4,100.438484,NA,NA,NA
396,H9,Salsola_nollothensis,4,4,4.0072,Grass,Unvegetated_patch,17.18,17.43,17.19,0.25,0.01,4,3.982537211,3.846912,96.59450236,0.392639494,46.86904038,119.3691442
397,H9,Salsola_nollothensis,8,4,3.3115,Grass,Unvegetated_patch,58.39,58.64,58.45,0.25,0.06,24,3.982537211,2.51674,63.19438757,0.535185694,42.0218674,88.41281045
408,H9 ,Salsola_nollothensis,0,4,4,Grass,Vegetated_patch,58.39,58.64,58.39,0.25,0,0,3.982537211,4,100.438484,NA,NA,NA
398,H9,Salsola_nollothensis,4,4,4.0678,Grass,Vegetated_patch,16.6,16.91,16.68,0.31,0.08,25.80645161,3.982537211,3.018045161,75.78197018,0.392128251,31.86441446,81.26018554
399,H9,Salsola_nollothensis,8,4,3.9682,Grass,Vegetated_patch,17.64,17.89,17.66,0.25,0.02,8,3.982537211,3.650744,91.66879823,0.499622202,47.21246886,94.49633871
400,H9,Salsola_nollothensis,0,4,4,Shrub,Unvegetated_patch,42.52,42.67,42.51,0.15,-0.01,-6.666666667,3.998031159,4.266666667,106.7191949,NA,NA,NA
401,H9,Salsola_nollothensis,4,4,4.0918,Shrub,Unvegetated_patch,17.15,17.39,17.29,0.24,0.14,58.33333333,3.998031159,1.704916667,42.64390643,0.310309078,13.96643311,45.00813574
402,H9,Salsola_nollothensis,8,4,5.1036,Shrub,Unvegetated_patch,62.1,62.36,62.26,0.26,0.16,61.53846154,3.998031159,1.962923077,49.09724309,0.491231197,18.56087262,37.78439304
403,H9,Salsola_nollothensis,0,4,4,Shrub,Vegetated_patch,62.11,62.36,62.12,0.25,0.01,4,3.998031159,3.84,96.04727545,NA,NA,NA
404,H9,Salsola_nollothensis,4,4,3.4335,Shrub,Vegetated_patch,19.12,19.38,19.17,0.26,0.05,19.23076923,3.998031159,2.773211538,69.36443034,0.538667346,19.11816156,35.49159182
405,H9,Salsola_nollothensis,8,4,3.2274,Shrub,Vegetated_patch,17.14,17.37,17.18,0.23,0.04,17.39130435,3.998031159,2.666113043,66.68564944,0.530687841,16.18806227,30.50392533
