Date,Month,Fire_block,Last_burn,Fire_interval,Patch_type,point ,CO_machine,CO_Notebook,C2avg, Cycle,Delta,VWC,GWC,GWC1,Tsoil
4/4/15,April,2B,15,9.3,Bare,4,4.092495315,4.09,390,3,10,5,NA,3.92,23.59102478
4/4/15,April,2B,15,9.3,Bare,4,3.929128559,3.93,390,3,10,5,NA,3.92,23.66468201
4/4/15,April,2B,15,9.3,Bare,4,3.821378405,3.82,390,3,10,5,NA,3.92,23.75568695
4/4/15,April,2B,15,9.3,Grass,4,3.491155432,3.49,390,3,10,4,NA,2.804,22.36085815
4/4/15,April,2B,15,9.3,Grass,4,3.764403291,3.76,390,3,10,4,NA,2.804,22.45843048
4/4/15,April,2B,15,9.3,Grass,4,3.466416165,3.47,390,3,10,4,NA,2.804,22.50184021
4/4/15,April,2B,15,9.3,Shrub,4,9.840306126,9.84,390,3,10,3,NA,1.688,22.62101135
4/4/15,April,2B,15,9.3,Shrub,4,9.074639857,9.07,390,3,10,3,NA,1.688,22.62017365
4/4/15,April,2B,15,9.3,Shrub,4,8.780564353,8.78,390,3,10,3,NA,1.688,22.63883514
4/4/15,April,2B,15,9.3,Bare,6,7.798289163,7.8,390,3,10,4,2.54,2.54,24.84542847
4/4/15,April,2B,15,9.3,Bare,6,7.34988059,7.35,390,3,10,4,2.54,2.54,24.88579559
4/4/15,April,2B,15,9.3,Bare,6,7.614389808,7.61,390,3,10,4,2.54,2.54,24.89127502
4/4/15,April,2B,15,9.3,Shrub,6,7.15240928,7.15,390,3,10,4,2.65,2.65,23.30617218
4/4/15,April,2B,15,9.3,Shrub,6,6.382344214,6.38,390,3,10,4,2.65,2.65,23.27551575
4/4/15,April,2B,15,9.3,Shrub,6,6.555999136,6.56,390,3,10,4,2.65,2.65,23.24585266
4/4/15,April,2B,15,9.3,Grass,6,5.608129822,5.61,390,3,10,4,2.2,2.2,23.13746338
4/4/15,April,2B,15,9.3,Grass,6,5.305069774,5.31,390,3,10,4,2.2,2.2,23.13648071
4/4/15,April,2B,15,9.3,Grass,6,5.391425357,5.39,390,3,10,4,2.2,2.2,23.10469971
3/4/15,April,1A,3,9.3,Bare,1,7.500739874,7.5,390,3,10,4,3.38,3.38,33.4637085
3/4/15,April,1A,3,9.3,Bare,1,7.322076518,7.32,390,3,10,4,3.38,3.38,33.57449036
3/4/15,April,1A,3,9.3,Bare,1,7.122846686,7.12,390,3,10,4,3.38,3.38,33.59764404
3/4/15,April,1A,3,9.3,Shrub,1,10.60221102,10.6,390,3,10,4,4.31,4.31,24.73323822
3/4/15,April,1A,3,9.3,Shrub,1,10.70143585,10.7,390,3,10,4,4.31,4.31,24.60926514
3/4/15,April,1A,3,9.3,Shrub,1,10.72317799,10.72,390,3,10,4,4.31,4.31,24.42395782
3/4/15,April,1A,3,9.3,Grass,1,12.37482294,12.374,390,3,10,4,3.94,3.94,26.87862244
3/4/15,April,1A,3,9.3,Grass,1,13.229256,13.22,390,3,10,4,3.94,3.94,26.95102539
3/4/15,April,1A,3,9.3,Grass,1,13.6027747,13.6,390,3,10,4,3.94,3.94,27.04850769
3/4/15,April,1A,3,9.3,Bare,2,5.81662127,5.81,390,3,10,4,NA,2.804,33.57843018
3/4/15,April,1A,3,9.3,Bare,2,6.015060181,6.01,390,3,10,4,NA,2.804,33.3478363
3/4/15,April,1A,3,9.3,Bare,2,6.012728542,6.01,390,3,10,4,NA,2.804,33.208078
3/4/15,April,1A,3,9.3,Shrub,2,29.65608369,29.65,390,3,10,3,NA,1.688,22.3508194
3/4/15,April,1A,3,9.3,Shrub,2,27.02171377,27.02,390,3,10,3,NA,1.688,21.98304443
3/4/15,April,1A,3,9.3,Shrub,2,29.75377209,29.75,390,3,10,3,NA,1.688,21.92103119
3/4/15,April,1A,3,9.3,Grass,2,9.184932598,9.18,390,3,10,3,NA,1.688,22.04555664
3/4/15,April,1A,3,9.3,Grass,2,9.973481213,9.97,390,3,10,3,NA,1.688,30.87350769
3/4/15,April,1A,3,9.3,Grass,2,10.3,10.3,390,3,10,3,NA,1.688,30.93606873
4/4/15,April,1A,3,9.3,Bare,3,4.217288836,4.22,390,3,10,4,2.64,2.64,30.66872253
4/4/15,April,1A,3,9.3,Bare,3,4.018005039,4.02,390,3,10,4,2.64,2.64,30.6713623
4/4/15,April,1A,3,9.3,Bare,3,4.073048484,4.07,390,3,10,4,2.64,2.64,30.69649963
4/4/15,April,1A,3,9.3,Grass,3,18.67441932,18.7,390,3,10,4,3,3,26.76142578
4/4/15,April,1A,3,9.3,Grass,3,16.29148768,16.3,390,3,10,4,3,3,26.71820374
4/4/15,April,1A,3,9.3,Grass,3,17.06158855,17.1,390,3,10,4,3,3,26.75103149
4/4/15,April,1A,3,9.3,Shrub,3,5.094516627,5.09,390,3,10,4,3.17,3.17,25.38173523
4/4/15,April,1A,3,9.3,Shrub,3,4.961528847,4.96,390,3,10,4,3.17,3.17,25.37485657
4/4/15,April,1A,3,9.3,Shrub,3,4.615575289,4.61,390,3,10,4,3.17,3.17,25.36146393
4/4/15,April,1A,3,9.3,Bare,4,4.65,4.65,390,3,10,4,NA,2.804,31.14
4/4/15,April,1A,3,9.3,Bare,4,4.52,4.52,390,3,10,4,NA,2.804,31.09
4/4/15,April,1A,3,9.3,Bare,4,4.48,4.48,390,3,10,4,NA,2.804,31.07
4/4/15,April,1A,3,9.3,Grass,4,5.18,5.18,390,3,10,4,NA,2.804,27.15
4/4/15,April,1A,3,9.3,Grass,4,4.85,4.85,390,3,10,4,NA,2.804,27.12
4/4/15,April,1A,3,9.3,Grass,4,4.83,4.83,390,3,10,4,NA,2.804,27.08
4/4/15,April,1A,3,9.3,Shrub,4,5.7,5.7,390,3,10,4,NA,2.804,22.08
4/4/15,April,1A,3,9.3,Shrub,4,5.28,5.28,390,3,10,4,NA,2.804,22.79
4/4/15,April,1A,3,9.3,Shrub,4,5.11,5.11,390,3,10,4,NA,2.804,22.79
4/4/15,April,1A,3,9.3,Bare,5,3.419515019,3.42,390,3,10,4,3.13,3.13,30.71753845
4/4/15,April,1A,3,9.3,Bare,5,3.66755443,3.67,390,3,10,4,3.13,3.13,30.68905945
4/4/15,April,1A,3,9.3,Bare,5,3.21620237,3.22,390,3,10,4,3.13,3.13,30.60487366
4/4/15,April,1A,3,9.3,Shrub,5,5.677176623,5.68,390,3,10,4,3.01,3.01,22.85505829
4/4/15,April,1A,3,9.3,Shrub,5,5.415599314,5.45,390,3,10,4,3.01,3.01,22.82521515
4/4/15,April,1A,3,9.3,Shrub,5,5.001357936,5,390,3,10,4,3.01,3.01,22.7886673
4/4/15,April,1A,3,9.3,Grass,5,5.84783651,5.84,390,3,10,4,3.19,3.19,27.63194885
4/4/15,April,1A,3,9.3,Grass,5,5.872566506,5.87,390,3,10,4,3.19,3.19,27.57066345
4/4/15,April,1A,3,9.3,Grass,5,6.093146816,6.09,390,3,10,4,3.19,3.19,27.59606323
4/4/15,April,1A,3,9.3,Bare,6,5.19,5.19,390,3,10,4,NA,2.804,32.68
4/4/15,April,1A,3,9.3,Bare,6,4.82,4.82,390,3,10,4,NA,2.804,32.65
4/4/15,April,1A,3,9.3,Bare,6,4.77,4.77,390,3,10,4,NA,2.804,32.64
4/4/15,April,1A,3,9.3,Grass,6,5.76,5.76,390,3,10,4,NA,2.804,29.76
4/4/15,April,1A,3,9.3,Grass,6,4.66,4.66,390,3,10,4,NA,2.804,29.66
4/4/15,April,1A,3,9.3,Grass,6,4.49,4.49,390,3,10,4,NA,2.804,29.6
4/4/15,April,1A,3,9.3,Shrub,6,5.66,5.66,390,3,10,4,NA,2.804,23.04
4/4/15,April,1A,3,9.3,Shrub,6,5.62,5.62,390,3,10,4,NA,2.804,23.11
4/4/15,April,1A,3,9.3,Shrub,6,5.46,5.46,390,3,10,4,NA,2.804,23.12
6/4/15,April,1A,3,9.3,Bare,7,3.9,3.9,390,3,10,4,2.73,2.73,26.2
6/4/15,April,1A,3,9.3,Bare,7,3.69,3.69,390,3,10,4,2.73,2.73,26.87
6/4/15,April,1A,3,9.3,Bare,7,3.65,3.65,390,3,10,4,2.73,2.73,26.82
6/4/15,April,1A,3,9.3,Bare,7,3.6,3.6,390,3,10,4,2.73,2.73,26.83
6/4/15,April,1A,3,9.3,Bare,7,3.31,3.31,390,3,10,4,2.73,2.73,26.81
6/4/15,April,1A,3,9.3,Grass,7,4.42,4.42,390,3,10,3,2.42,2.42,24.9
6/4/15,April,1A,3,9.3,Grass,7,4.46,4.46,390,3,10,3,2.42,2.42,25.1
6/4/15,April,1A,3,9.3,Grass,7,4.44,4.44,390,3,10,3,2.42,2.42,25.14
6/4/15,April,1A,3,9.3,Grass,7,4.37,4.37,390,3,10,3,2.42,2.42,25.26
6/4/15,April,1A,3,9.3,Grass,7,4.34,4.34,390,3,10,3,2.42,2.42,25.36
6/4/15,April,1A,3,9.3,Shrub,7,4.22,4.22,390,3,10,4,3.21,3.21,20.12
6/4/15,April,1A,3,9.3,Shrub,7,4.41,4.41,390,3,10,4,3.21,3.21,20.21
6/4/15,April,1A,3,9.3,Shrub,7,4.47,4.47,390,3,10,4,3.21,3.21,20.29
6/4/15,April,1A,3,9.3,Shrub,7,4.49,4.49,390,3,10,4,3.21,3.21,20.41
6/4/15,April,1A,3,9.3,Shrub,7,4.44,4.44,390,3,10,4,3.21,3.21,20.5
6/4/15,April,1A,3,9.3,Bare,8,3.03,3.03,390,3,10,4,NA,2.804,25.39
6/4/15,April,1A,3,9.3,Bare,8,2.52,2.52,390,3,10,4,NA,2.804,25.52
6/4/15,April,1A,3,9.3,Bare,8,2.96,2.96,390,3,10,4,NA,2.804,25.52
6/4/15,April,1A,3,9.3,Bare,8,2.93,2.93,390,3,10,4,NA,2.804,25.74
6/4/15,April,1A,3,9.3,Bare,8,2.89,2.89,390,3,10,4,NA,2.804,25.86
6/4/15,April,1A,3,9.3,Grass,8,3.73,3.73,390,3,10,4,NA,2.804,23.8
6/4/15,April,1A,3,9.3,Grass,8,3.57,3.57,390,3,10,4,NA,2.804,23.74
6/4/15,April,1A,3,9.3,Grass,8,3.63,3.63,390,3,10,4,NA,2.804,23.46
6/4/15,April,1A,3,9.3,Grass,8,3.57,3.57,390,3,10,4,NA,2.804,23.44
6/4/15,April,1A,3,9.3,Grass,8,3.63,3.63,390,3,10,4,NA,2.804,23.36
6/4/15,April,1A,3,9.3,Shrub,8,4.31,4.31,390,3,10,3,NA,1.688,20.87
6/4/15,April,1A,3,9.3,Shrub,8,4.02,4.02,390,3,10,3,NA,1.688,20.86
6/4/15,April,1A,3,9.3,Shrub,8,4.05,4.05,390,3,10,3,NA,1.688,20.87
6/4/15,April,1A,3,9.3,Shrub,8,4.04,4.04,390,3,10,3,NA,1.688,20.85
6/4/15,April,1A,3,9.3,Shrub,8,4.04,4.04,390,3,10,3,NA,1.688,20.76
6/4/15,April,1A,3,9.3,Bare,9,3.62,3.62,390,3,10,5,3.12,3.12,30.62
6/4/15,April,1A,3,9.3,Bare,9,3.54,3.54,390,3,10,5,3.12,3.12,30.63
6/4/15,April,1A,3,9.3,Bare,9,3.55,3.55,390,3,10,5,3.12,3.12,30.62
6/4/15,April,1A,3,9.3,Bare,9,3.54,3.54,390,3,10,5,3.12,3.12,30.54
6/4/15,April,1A,3,9.3,Bare,9,3.61,3.61,390,3,10,5,3.12,3.12,30.52
6/4/15,April,1A,3,9.3,Grass,9,4.47,4.47,390,3,10,4,3.67,3.67,27.5
6/4/15,April,1A,3,9.3,Grass,9,4.4,4.4,390,3,10,4,3.67,3.67,27.46
6/4/15,April,1A,3,9.3,Grass,9,4.47,4.47,390,3,10,4,3.67,3.67,27.45
6/4/15,April,1A,3,9.3,Grass,9,4.45,4.45,390,3,10,4,3.67,3.67,27.45
6/4/15,April,1A,3,9.3,Grass,9,4.36,4.36,390,3,10,4,3.67,3.67,27.43
6/4/15,April,1A,3,9.3,Shrub,9,4.52,4.52,390,3,10,5,4.13,4.13,23.19
6/4/15,April,1A,3,9.3,Shrub,9,4.41,4.41,390,3,10,5,4.13,4.13,23.14
6/4/15,April,1A,3,9.3,Shrub,9,4.63,4.63,390,3,10,5,4.13,4.13,23.13
6/4/15,April,1A,3,9.3,Shrub,9,4.65,4.65,390,3,10,5,4.13,4.13,23.16
6/4/15,April,1A,3,9.3,Shrub,9,4.69,4.69,390,3,10,5,4.13,4.13,23.17
6/4/15,April,1A,3,9.3,Bare,10,4.39,4.39,390,3,10,5,NA,3.92,31.02
6/4/15,April,1A,3,9.3,Bare,10,4.36,4.36,390,3,10,5,NA,3.92,30.16
6/4/15,April,1A,3,9.3,Bare,10,4.33,4.33,390,3,10,5,NA,3.92,30.87
6/4/15,April,1A,3,9.3,Bare,10,4.37,4.37,390,3,10,5,NA,3.92,30.84
6/4/15,April,1A,3,9.3,Bare,10,4.37,4.37,390,3,10,5,NA,3.92,30.76
6/4/15,April,1A,3,9.3,Grass,10,4.62,4.62,390,3,10,5,NA,3.92,26.58
6/4/15,April,1A,3,9.3,Grass,10,4.48,4.48,390,3,10,5,NA,3.92,26.58
6/4/15,April,1A,3,9.3,Grass,10,4.28,4.28,390,3,10,5,NA,3.92,26.55
6/4/15,April,1A,3,9.3,Grass,10,4.14,4.14,390,3,10,5,NA,3.92,26.48
6/4/15,April,1A,3,9.3,Grass,10,4.4,4.4,390,3,10,5,NA,3.92,26.47
6/4/15,April,1A,3,9.3,Shrub,10,5.19,5.19,390,3,10,4,NA,2.804,23.16
6/4/15,April,1A,3,9.3,Shrub,10,5.35,5.35,390,3,10,4,NA,2.804,23.17
6/4/15,April,1A,3,9.3,Shrub,10,5.38,5.38,390,3,10,4,NA,2.804,23.16
6/4/15,April,1A,3,9.3,Shrub,10,5.05,5.05,390,3,10,4,NA,2.804,23.2
6/4/15,April,1A,3,9.3,Shrub,10,5.56,5.56,390,3,10,4,NA,2.804,23.23
3/4/15,April,1B,25,18.5,Grass,1,9.076361862,9.08,390,3,10,4,1.95,1.95,28.87945862
3/4/15,April,1B,25,18.5,Grass,1,9.055219995,9.06,390,3,10,4,1.95,1.95,28.83505249
3/4/15,April,1B,25,18.5,Grass,1,8.946618284,8.95,390,3,10,4,1.95,1.95,28.79072266
3/4/15,April,1B,25,18.5,Bare,1,12.07092994,12.1,390,3,10,4,2.86,2.86,32.29071045
3/4/15,April,1B,25,18.5,Bare,1,12.37300803,12.4,390,3,10,4,2.86,2.86,32.31999512
3/4/15,April,1B,25,18.5,Bare,1,12.76108163,12.8,390,3,10,4,2.86,2.86,32.26838379
3/4/15,April,1B,25,18.5,Shrub,1,18.69270158,18.7,390,3,10,NA,NA,NA,23.09754028
3/4/15,April,1B,25,18.5,Shrub,1,17.38935461,17.4,390,3,10,NA,NA,NA,23.15765076
3/4/15,April,1B,25,18.5,Shrub,1,17.41256735,17.4,390,3,10,NA,NA,NA,23.20306091
3/4/15,April,1B,25,18.5,Bare,2,6.971956811,6.97,390,3,10,4,NA,2.804,32.76838379
3/4/15,April,1B,25,18.5,Bare,2,7.117835777,7.12,390,3,10,4,NA,2.804,32.89299316
3/4/15,April,1B,25,18.5,Bare,2,7.383625854,7.38,390,3,10,4,NA,2.804,33.02495728
3/4/15,April,1B,25,18.5,Grass,2,13.48306859,13.5,390,3,10,4,NA,2.804,27.56561584
3/4/15,April,1B,25,18.5,Grass,2,12.08325763,12.1,390,3,10,4,NA,2.804,27.40953369
3/4/15,April,1B,25,18.5,Grass,2,13.10842374,13.1,390,3,10,4,NA,2.804,27.2933197
3/4/15,April,1B,25,18.5,Shrub,2,13.36474747,13.4,390,3,10,4,NA,2.804,27.35819397
3/4/15,April,1B,25,18.5,Shrub,2,13.14178804,13.1,390,3,10,4,NA,2.804,27.52822571
3/4/15,April,1B,25,18.5,Shrub,2,13.90255006,13.9,390,3,10,4,NA,2.804,27.64347839
4/4/15,April,1B,25,18.5,Bare,3,11.85083981,11.4,390,3,10,3,1.56,1.56,29.92584229
4/4/15,April,1B,25,18.5,Bare,3,11.80826073,11.9,390,3,10,3,1.56,1.56,30.00206604
4/4/15,April,1B,25,18.5,Bare,3,11.54421697,11.8,390,3,10,3,1.56,1.56,30.03771973
4/4/15,April,1B,25,18.5,Shrub,3,14.80879268,14.8,390,3,10,3,2.49,2.49,27.2495697
4/4/15,April,1B,25,18.5,Shrub,3,16.76134916,16.8,390,3,10,3,2.49,2.49,27.31662903
4/4/15,April,1B,25,18.5,Shrub,3,16.79376461,16.8,390,3,10,3,2.49,2.49,27.21124878
4/4/15,April,1B,25,18.5,Grass,3,5.72187891,5.72,390,3,10,4,3.14,3.14,27.54987488
4/4/15,April,1B,25,18.5,Grass,3,5.743653977,5.74,390,3,10,4,3.14,3.14,27.52925415
4/4/15,April,1B,25,18.5,Grass,3,6.912656551,6.91,390,3,10,4,3.14,3.14,27.55609131
5/4/15,April,1B,25,18.5,Bare,4,3.34,3.34,390,3,10,4,NA,2.804,30.76
5/4/15,April,1B,25,18.5,Bare,4,3.09,3.09,390,3,10,4,NA,2.804,31.03
5/4/15,April,1B,25,18.5,Bare,4,3.03,3.03,390,3,10,4,NA,2.804,31.1
5/4/15,April,1B,25,18.5,Grass,4,3.84,3.84,390,3,10,4,NA,2.804,25.27
5/4/15,April,1B,25,18.5,Grass,4,3.8,3.8,390,3,10,4,NA,2.804,25.25
5/4/15,April,1B,25,18.5,Grass,4,3.78,3.78,390,3,10,4,NA,2.804,25.28
5/4/15,April,1B,25,18.5,Shrub,4,6.09,6.09,390,3,10,4,NA,2.804,22.56
5/4/15,April,1B,25,18.5,Shrub,4,5.69,5.69,390,3,10,4,NA,2.804,22.72
5/4/15,April,1B,25,18.5,Shrub,4,5.75,5.75,390,3,10,4,NA,2.804,22.91
5/4/15,April,1B,25,18.5,Bare,5,3.59,3.59,390,3,10,4,NA,2.804,31.22
5/4/15,April,1B,25,18.5,Bare,5,3.43,3.43,390,3,10,4,NA,2.804,31.21
5/4/15,April,1B,25,18.5,Bare,5,3.35,3.35,390,3,10,4,NA,2.804,31.16
5/4/15,April,1B,25,18.5,Grass,5,5.33,5.33,390,3,10,3,NA,1.688,23.94
5/4/15,April,1B,25,18.5,Grass,5,5.04,5.04,390,3,10,3,NA,1.688,23.93
5/4/15,April,1B,25,18.5,Grass,5,5.06,5.06,390,3,10,3,NA,1.688,23.83
5/4/15,April,1B,25,18.5,Shrub,5,4.14,4.14,390,3,10,4,NA,2.804,22.81
5/4/15,April,1B,25,18.5,Shrub,5,3.54,3.54,390,3,10,4,NA,2.804,22.7
5/4/15,April,1B,25,18.5,Shrub,5,3.81,3.81,390,3,10,4,NA,2.804,22.66
4/4/15,April,1B,25,18.5,Bare,6,4.621017926,4.62,390,3,10,4,3.01,3.01,31.53105469
4/4/15,April,1B,25,18.5,Bare,6,4.61761641,4.62,390,3,10,4,3.01,3.01,31.38874512
4/4/15,April,1B,25,18.5,Bare,6,4.615278881,4.62,390,3,10,4,3.01,3.01,31.26552124
4/4/15,April,1B,25,18.5,Grass,6,6.263126154,6.26,390,3,10,4,2.72,2.72,25.7350647
4/4/15,April,1B,25,18.5,Grass,6,6.379128564,6.36,390,3,10,4,2.72,2.72,25.53082428
4/4/15,April,1B,25,18.5,Grass,6,6.138502566,6.14,390,3,10,4,2.72,2.72,25.50600128
4/4/15,April,1B,25,18.5,Shrub,6,3.904865317,3.9,390,3,10,4,4.09,4.09,21.38374023
4/4/15,April,1B,25,18.5,Shrub,6,3.806865473,3.81,390,3,10,4,4.09,4.09,21.55628815
4/4/15,April,1B,25,18.5,Shrub,6,3.820059234,3.82,390,3,10,4,4.09,4.09,21.71137238
5/4/15,April,1B,25,18.5,Bare,7,4.97,4.97,390,5,10,3,2.12,2.12,32.1
5/4/15,April,1B,25,18.5,Bare,7,4.89,4.89,390,5,10,3,2.12,2.12,32.17
5/4/15,April,1B,25,18.5,Bare,7,4.78,4.78,390,5,10,3,2.12,2.12,32.21
5/4/15,April,1B,25,18.5,Bare,7,4.82,4.82,390,5,10,3,2.12,2.12,32.26
5/4/15,April,1B,25,18.5,Bare,7,4.75,4.75,390,5,10,3,2.12,2.12,32.31
5/4/15,April,1B,25,18.5,Grass,7,4.32,4.32,390,5,10,4,3.05,3.05,25.75
5/4/15,April,1B,25,18.5,Grass,7,3.73,3.73,390,5,10,4,3.05,3.05,25.69
5/4/15,April,1B,25,18.5,Grass,7,3.66,3.66,390,5,10,4,3.05,3.05,25.62
5/4/15,April,1B,25,18.5,Grass,7,3.53,3.53,390,5,10,4,3.05,3.05,25.56
5/4/15,April,1B,25,18.5,Grass,7,3.54,3.54,390,5,10,4,3.05,3.05,25.55
5/4/15,April,1B,25,18.5,Shrub,7,4.85,4.85,390,5,10,4,3.06,3.06,28.49
5/4/15,April,1B,25,18.5,Shrub,7,4.38,4.38,390,5,10,4,3.06,3.06,28.48
5/4/15,April,1B,25,18.5,Shrub,7,4.41,4.41,390,5,10,4,3.06,3.06,28.49
5/4/15,April,1B,25,18.5,Shrub,7,4.43,4.43,390,5,10,4,3.06,3.06,28.51
5/4/15,April,1B,25,18.5,Shrub,7,4.51,4.51,390,5,10,4,3.06,3.06,28.49
5/4/15,April,1B,25,18.5,Bare,8,4.46,4.46,390,5,10,4,NA,2.804,32.96
5/4/15,April,1B,25,18.5,Bare,8,4.12,4.12,390,5,10,4,NA,2.804,32.94
5/4/15,April,1B,25,18.5,Bare,8,4.11,4.11,390,5,10,4,NA,2.804,32.92
5/4/15,April,1B,25,18.5,Bare,8,4.06,4.06,390,5,10,4,NA,2.804,32.92
5/4/15,April,1B,25,18.5,Bare,8,4.08,4.08,390,5,10,4,NA,2.804,32.9
5/4/15,April,1B,25,18.5,Grass,8,4.47,4.47,390,5,10,4,NA,2.804,28.21
5/4/15,April,1B,25,18.5,Grass,8,4.16,4.16,390,5,10,4,NA,2.804,28.2
5/4/15,April,1B,25,18.5,Grass,8,4.19,4.19,390,5,10,4,NA,2.804,28.16
5/4/15,April,1B,25,18.5,Grass,8,4.13,4.13,390,5,10,4,NA,2.804,28.2
5/4/15,April,1B,25,18.5,Grass,8,4.04,4.04,390,5,10,4,NA,2.804,28.17
5/4/15,April,1B,25,18.5,Shrub,8,5.26,5.26,390,5,10,3,NA,1.688,24.82
5/4/15,April,1B,25,18.5,Shrub,8,5.04,5.04,390,5,10,3,NA,1.688,24.75
5/4/15,April,1B,25,18.5,Shrub,8,5.1,5.1,390,5,10,3,NA,1.688,24.71
5/4/15,April,1B,25,18.5,Shrub,8,5.03,5.03,390,5,10,3,NA,1.688,24.72
5/4/15,April,1B,25,18.5,Shrub,8,5.05,5.05,390,5,10,3,NA,1.688,24.71
6/4/15,April,1B,25,18.5,Bare,9,5.96,5.96,390,5,10,4,3.86,3.86,26.61
6/4/15,April,1B,25,18.5,Bare,9,5.92,5.92,390,5,10,4,3.86,3.86,26.6
6/4/15,April,1B,25,18.5,Bare,9,6.02,6.02,390,5,10,4,3.86,3.86,26.63
6/4/15,April,1B,25,18.5,Bare,9,5.73,5.73,390,5,10,4,3.86,3.86,26.51
6/4/15,April,1B,25,18.5,Bare,9,5.9,5.9,390,5,10,4,3.86,3.86,26.51
6/4/15,April,1B,25,18.5,Grass,9,4.8,4.8,390,5,10,4,2.24,2.24,24.18
6/4/15,April,1B,25,18.5,Grass,9,4.82,4.82,390,5,10,4,2.24,2.24,24.14
6/4/15,April,1B,25,18.5,Grass,9,4.83,4.83,390,5,10,4,2.24,2.24,24.15
6/4/15,April,1B,25,18.5,Grass,9,4.94,4.94,390,5,10,4,2.24,2.24,24.2
6/4/15,April,1B,25,18.5,Grass,9,4.89,4.89,390,5,10,4,2.24,2.24,24.26
6/4/15,April,1B,25,18.5,Shrub,9,4.94,4.94,390,5,10,6,6.2,6.2,21.41
6/4/15,April,1B,25,18.5,Shrub,9,4.86,4.86,390,5,10,6,6.2,6.2,21.5
6/4/15,April,1B,25,18.5,Shrub,9,4.84,4.84,390,5,10,6,6.2,6.2,21.57
6/4/15,April,1B,25,18.5,Shrub,9,4.8,4.8,390,5,10,6,6.2,6.2,21.66
6/4/15,April,1B,25,18.5,Shrub,9,4.93,4.93,390,5,10,6,6.2,6.2,21.74
6/4/15,April,1B,25,18.5,Bare,10,4.51,4.51,390,5,10,5,NA,3.92,27.71
6/4/15,April,1B,25,18.5,Bare,10,4.49,4.49,390,5,10,5,NA,3.92,27.71
6/4/15,April,1B,25,18.5,Bare,10,4.7,4.7,390,5,10,5,NA,3.92,27.76
6/4/15,April,1B,25,18.5,Bare,10,4.57,4.57,390,5,10,5,NA,3.92,27.79
6/4/15,April,1B,25,18.5,Bare,10,4.65,4.65,390,5,10,5,NA,3.92,27.86
6/4/15,April,1B,25,18.5,Grass,10,4.79,4.79,390,5,10,3,NA,1.688,23.94
6/4/15,April,1B,25,18.5,Grass,10,4.85,4.85,390,5,10,3,NA,1.688,23.94
6/4/15,April,1B,25,18.5,Grass,10,4.79,4.79,390,5,10,3,NA,1.688,23.95
6/4/15,April,1B,25,18.5,Grass,10,4.75,4.75,390,5,10,3,NA,1.688,23.95
6/4/15,April,1B,25,18.5,Grass,10,4.78,4.78,390,5,10,3,NA,1.688,23.92
6/4/15,April,1B,25,18.5,Shrub,10,5.08,5.08,390,5,10,4,NA,2.804,24.8
6/4/15,April,1B,25,18.5,Shrub,10,5.05,5.05,390,5,10,4,NA,2.804,24.21
6/4/15,April,1B,25,18.5,Shrub,10,4.9,4.9,390,5,10,4,NA,2.804,24.11
6/4/15,April,1B,25,18.5,Shrub,10,4.99,4.99,390,5,10,4,NA,2.804,24.01
6/4/15,April,1B,25,18.5,Shrub,10,4.87,4.87,390,5,10,4,NA,2.804,24.92
3/4/15,April,2A,2,6.2,Bare,1,4.08813174,4.09,390,3,10,5,3.13,3.13,24.40291901
3/4/15,April,2A,2,6.2,Bare,1,4.180866832,4.18,390,3,10,5,3.13,3.13,24.62469025
3/4/15,April,2A,2,6.2,Bare,1,4.30294079,4.3,390,3,10,5,3.13,3.13,24.73361053
3/4/15,April,2A,2,6.2,Grass,1,8.975976128,8.98,390,3,10,5,3.21,3.21,24.06858978
3/4/15,April,2A,2,6.2,Grass,1,8.133883349,8.13,390,3,10,5,3.21,3.21,23.90199432
3/4/15,April,2A,2,6.2,Grass,1,8.207944784,8.21,390,3,10,5,3.21,3.21,23.69195557
3/4/15,April,2A,2,6.2,Shrub,1,3.874609923,3.87,390,3,10,5,5.38,5.38,20.95382385
3/4/15,April,2A,2,6.2,Shrub,1,3.787436913,3.79,390,3,10,5,5.38,5.38,21.02662964
3/4/15,April,2A,2,6.2,Shrub,1,3.571166958,3.57,390,3,10,5,5.38,5.38,21.14505463
3/4/15,April,2A,2,6.2,Bare,2,8.333988918,8.33,390,3,10,5,NA,3.92,24.32476501
3/4/15,April,2A,2,6.2,Bare,2,8.060433848,8.06,390,3,10,5,NA,3.92,24.42082825
3/4/15,April,2A,2,6.2,Bare,2,8.103130456,8.1,390,3,10,5,NA,3.92,24.46470795
3/4/15,April,2A,2,6.2,Shrub,2,26.23623504,26.2,390,3,10,5,NA,3.92,23.87997894
3/4/15,April,2A,2,6.2,Shrub,2,33.93612322,33.9,390,3,10,5,NA,3.92,23.88041534
3/4/15,April,2A,2,6.2,Shrub,2,33.37153613,33.4,390,3,10,5,NA,3.92,24.15380402
3/4/15,April,2A,2,6.2,Grass,2,10.17717924,10.2,390,3,10,5,NA,3.92,24.84093933
3/4/15,April,2A,2,6.2,Grass,2,10.81757546,10.8,390,3,10,5,NA,3.92,24.64943085
3/4/15,April,2A,2,6.2,Grass,2,11.62485397,11.6,390,3,10,5,NA,3.92,24.59854279
4/4/15,April,2A,2,6.2,Bare,3,4.265499165,4.27,390,3,10,5,2.82,2.82,32.21916504
4/4/15,April,2A,2,6.2,Bare,3,3.98686083,3.99,390,3,10,5,2.82,2.82,32.24377136
4/4/15,April,2A,2,6.2,Bare,3,4.038875755,4.04,390,3,10,5,2.82,2.82,32.31606445
4/4/15,April,2A,2,6.2,Shrub,3,24.38784048,24.4,390,3,10,4,2.86,2.86,26.23440857
4/4/15,April,2A,2,6.2,Shrub,3,24.60463107,24.6,390,3,10,4,2.86,2.86,26.25644836
4/4/15,April,2A,2,6.2,Shrub,3,25.30194621,25.3,390,3,10,4,2.86,2.86,26.29210205
4/4/15,April,2A,2,6.2,Grass,3,10.32406455,10.3,390,3,10,5,3.19,3.19,27.1721283
4/4/15,April,2A,2,6.2,Grass,3,10.17797929,10.2,390,3,10,5,3.19,3.19,27.17873535
4/4/15,April,2A,2,6.2,Grass,3,10.16840463,10.2,390,3,10,5,3.19,3.19,27.2162262
4/4/15,April,2A,2,6.2,Bare,4,4.08,4.08,390,3,10,4,NA,2.804,31.05
4/4/15,April,2A,2,6.2,Bare,4,3.83,3.83,390,3,10,4,NA,2.804,31.1
4/4/15,April,2A,2,6.2,Bare,4,3.84,3.84,390,3,10,4,NA,2.804,31.2
4/4/15,April,2A,2,6.2,Grass,4,6.34,6.34,390,3,10,4,NA,2.804,29.8
4/4/15,April,2A,2,6.2,Grass,4,6.36,6.36,390,3,10,4,NA,2.804,29.79
4/4/15,April,2A,2,6.2,Grass,4,6.13,6.13,390,3,10,4,NA,2.804,29.81
4/4/15,April,2A,2,6.2,Shrub,4,6.76,6.76,390,3,10,4,NA,2.804,28.09
4/4/15,April,2A,2,6.2,Shrub,4,6.75,6.75,390,3,10,4,NA,2.804,28.08
4/4/15,April,2A,2,6.2,Shrub,4,6.53,6.53,390,3,10,4,NA,2.804,28.1
4/4/15,April,2A,2,6.2,Bare,5,3.42,3.42,390,3,10,4,2.89,2.89,31.61
4/4/15,April,2A,2,6.2,Bare,5,3.42,3.42,390,3,10,4,2.89,2.89,31.6
4/4/15,April,2A,2,6.2,Bare,5,3.42,3.42,390,3,10,4,2.89,2.89,31.59
4/4/15,April,2A,2,6.2,Shrub,5,17.3,17.3,390,3,10,5,3.67,3.67,24.9
4/4/15,April,2A,2,6.2,Shrub,5,17.3,17.3,390,3,10,5,3.67,3.67,24.97
4/4/15,April,2A,2,6.2,Shrub,5,19.8,19.8,390,3,10,5,3.67,3.67,24.96
4/4/15,April,2A,2,6.2,Grass,5,8.75,8.75,390,3,10,4,2.07,2.07,31.22
4/4/15,April,2A,2,6.2,Grass,5,8.03,8.03,390,3,10,4,2.07,2.07,31.2
4/4/15,April,2A,2,6.2,Grass,5,9.37,9.37,390,3,10,4,2.07,2.07,31.17
4/4/15,April,2A,2,6.2,Bare,6,3.7,3.7,390,3,10,5,NA,3.92,29.4
4/4/15,April,2A,2,6.2,Bare,6,3.64,3.64,390,3,10,5,NA,3.92,29.41
4/4/15,April,2A,2,6.2,Bare,6,3.61,3.61,390,3,10,5,NA,3.92,29.39
4/4/15,April,2A,2,6.2,Grass,6,3.72,3.72,390,3,10,4,NA,2.804,27.07
4/4/15,April,2A,2,6.2,Grass,6,3.77,3.77,390,3,10,4,NA,2.804,27.07
4/4/15,April,2A,2,6.2,Grass,6,3.76,3.76,390,3,10,4,NA,2.804,27.05
4/4/15,April,2A,2,6.2,Shrub,6,4.07,4.07,390,3,10,4,NA,2.804,28.15
4/4/15,April,2A,2,6.2,Shrub,6,4.2,4.2,390,3,10,4,NA,2.804,28.14
4/4/15,April,2A,2,6.2,Shrub,6,4.25,4.25,390,3,10,4,NA,2.804,28.1
5/4/15,April,2A,2,6.2,Bare,7,3.51,3.51,390,3,10,4,3.06,3.06,28.03
5/4/15,April,2A,2,6.2,Bare,7,3.23,3.23,390,3,10,4,3.06,3.06,28.28
5/4/15,April,2A,2,6.2,Bare,7,3.19,3.19,390,3,10,4,3.06,3.06,28.48
5/4/15,April,2A,2,6.2,Bare,7,3.24,3.24,390,3,10,4,3.06,3.06,28.51
5/4/15,April,2A,2,6.2,Bare,7,3.21,3.21,390,3,10,4,3.06,3.06,28.61
5/4/15,April,2A,2,6.2,Grass,7,4.07,4.07,390,3,10,3,2.02,2.02,27.22
5/4/15,April,2A,2,6.2,Grass,7,4.09,4.09,390,3,10,3,2.02,2.02,27.21
5/4/15,April,2A,2,6.2,Grass,7,4.01,4.01,390,3,10,3,2.02,2.02,27.27
5/4/15,April,2A,2,6.2,Grass,7,4.03,4.03,390,3,10,3,2.02,2.02,27.3
5/4/15,April,2A,2,6.2,Grass,7,4.1,4.1,390,3,10,3,2.02,2.02,27.42
5/4/15,April,2A,2,6.2,Shrub,7,4.15,4.15,390,3,10,4,3.34,3.34,22.34
5/4/15,April,2A,2,6.2,Shrub,7,4.11,4.11,390,3,10,4,3.34,3.34,22.15
5/4/15,April,2A,2,6.2,Shrub,7,4.09,4.09,390,3,10,4,3.34,3.34,22.04
5/4/15,April,2A,2,6.2,Shrub,7,4.09,4.09,390,3,10,4,3.34,3.34,21.91
5/4/15,April,2A,2,6.2,Shrub,7,4.15,4.15,390,3,10,4,3.34,3.34,21.81
5/4/15,April,2A,2,6.2,Bare,8,7.08,7.08,390,3,10,4,NA,2.804,28.7
5/4/15,April,2A,2,6.2,Bare,8,6.47,6.47,390,3,10,4,NA,2.804,28.77
5/4/15,April,2A,2,6.2,Bare,8,6.26,6.26,390,3,10,4,NA,2.804,28.84
5/4/15,April,2A,2,6.2,Bare,8,6.32,6.32,390,3,10,4,NA,2.804,28.87
5/4/15,April,2A,2,6.2,Bare,8,6.26,6.26,390,3,10,4,NA,2.804,28.94
5/4/15,April,2A,2,6.2,Grass,8,3.58,3.58,390,3,10,4,NA,2.804,23.58
5/4/15,April,2A,2,6.2,Grass,8,3.65,3.65,390,3,10,4,NA,2.804,23.45
5/4/15,April,2A,2,6.2,Grass,8,3.58,3.58,390,3,10,4,NA,2.804,23.45
5/4/15,April,2A,2,6.2,Grass,8,3.65,3.65,390,3,10,4,NA,2.804,23.45
5/4/15,April,2A,2,6.2,Grass,8,3.72,3.72,390,3,10,4,NA,2.804,23.54
5/4/15,April,2A,2,6.2,Shrub,8,4.65,4.65,390,3,10,4,NA,2.804,21.7
5/4/15,April,2A,2,6.2,Shrub,8,4.6,4.6,390,3,10,4,NA,2.804,21.64
5/4/15,April,2A,2,6.2,Shrub,8,4.64,4.64,390,3,10,4,NA,2.804,21.64
5/4/15,April,2A,2,6.2,Shrub,8,4.56,4.56,390,3,10,4,NA,2.804,21.62
5/4/15,April,2A,2,6.2,Shrub,8,4.61,4.61,390,3,10,4,NA,2.804,21.6
6/4/15,April,2A,2,6.2,Bare,9,3.5,3.5,390,3,10,6,5.82,5.82,21.73
6/4/15,April,2A,2,6.2,Bare,9,3.57,3.57,390,3,10,6,5.82,5.82,21.78
6/4/15,April,2A,2,6.2,Bare,9,3.53,3.53,390,3,10,6,5.82,5.82,21.79
6/4/15,April,2A,2,6.2,Bare,9,3.55,3.55,390,3,10,6,5.82,5.82,21.77
6/4/15,April,2A,2,6.2,Bare,9,3.56,3.56,390,3,10,6,5.82,5.82,21.73
6/4/15,April,2A,2,6.2,Grass,9,5.81,5.81,390,3,10,5,3.84,3.84,21.93
6/4/15,April,2A,2,6.2,Grass,9,5.42,5.42,390,3,10,5,3.84,3.84,21.98
6/4/15,April,2A,2,6.2,Grass,9,5.43,5.43,390,3,10,5,3.84,3.84,21.99
6/4/15,April,2A,2,6.2,Grass,9,5.33,5.33,390,3,10,5,3.84,3.84,22
6/4/15,April,2A,2,6.2,Grass,9,5.32,5.32,390,3,10,5,3.84,3.84,22.03
6/4/15,April,2A,2,6.2,Shrub,9,3.78,3.78,390,3,10,5,2.76,2.76,21.23
6/4/15,April,2A,2,6.2,Shrub,9,3.75,3.75,390,3,10,5,2.76,2.76,21.3
6/4/15,April,2A,2,6.2,Shrub,9,3.77,3.77,390,3,10,5,2.76,2.76,21.36
6/4/15,April,2A,2,6.2,Shrub,9,3.71,3.71,390,3,10,5,2.76,2.76,21.54
6/4/15,April,2A,2,6.2,Shrub,9,3.74,3.74,390,3,10,5,2.76,2.76,21.81
6/4/15,April,2A,2,6.2,Bare,10,3.42,3.42,390,3,10,6,NA,5.036,22.34
6/4/15,April,2A,2,6.2,Bare,10,3.37,3.37,390,3,10,6,NA,5.036,22.91
6/4/15,April,2A,2,6.2,Bare,10,3.33,3.33,390,3,10,6,NA,5.036,22.85
6/4/15,April,2A,2,6.2,Bare,10,3.38,3.38,390,3,10,6,NA,5.036,22.78
6/4/15,April,2A,2,6.2,Bare,10,3.35,3.35,390,3,10,6,NA,5.036,22.81
6/4/15,April,2A,2,6.2,Grass,10,5.62,5.62,390,3,10,5,NA,3.92,22.3
6/4/15,April,2A,2,6.2,Grass,10,5.44,5.44,390,3,10,5,NA,3.92,22.9
6/4/15,April,2A,2,6.2,Grass,10,5.4,5.4,390,3,10,5,NA,3.92,22.14
6/4/15,April,2A,2,6.2,Grass,10,5.38,5.38,390,3,10,5,NA,3.92,22.1
6/4/15,April,2A,2,6.2,Grass,10,5.34,5.34,390,3,10,5,NA,3.92,22.07
6/4/15,April,2A,2,6.2,Shrub,10,4.88,4.88,390,3,10,5,NA,3.92,20.03
6/4/15,April,2A,2,6.2,Shrub,10,4.6,4.6,390,3,10,5,NA,3.92,20.23
6/4/15,April,2A,2,6.2,Shrub,10,4.5,4.5,390,3,10,5,NA,3.92,20.33
6/4/15,April,2A,2,6.2,Shrub,10,4.71,4.71,390,3,10,5,NA,3.92,20.31
6/4/15,April,2A,2,6.2,Shrub,10,4.63,4.63,390,3,10,5,NA,3.92,20.2
3/4/15,April,2B,15,9.3,Shrub,1,27.32482563,27.32,390,3,10,4,4.37,4.37,20.68681183
3/4/15,April,2B,15,9.3,Shrub,1,26.69909058,26.69,390,3,10,4,4.37,4.37,20.70233612
3/4/15,April,2B,15,9.3,Shrub,1,26.84886891,26.84,390,3,10,4,4.37,4.37,20.90832672
3/4/15,April,2B,15,9.3,Bare,1,5.990695495,5.99,390,3,10,4,2.09,2.09,29.26044922
3/4/15,April,2B,15,9.3,Bare,1,6.320025785,6.32,390,3,10,4,2.09,2.09,29.41604919
3/4/15,April,2B,15,9.3,Bare,1,6.637826734,6.63,390,3,10,4,2.09,2.09,29.50169373
3/4/15,April,2B,15,9.3,Grass,1,8.945199215,8.94,390,3,10,5,3.99,3.99,26.91741333
3/4/15,April,2B,15,9.3,Grass,1,9.886362629,9.88,390,3,10,5,3.99,3.99,26.64685059
3/4/15,April,2B,15,9.3,Grass,1,10.17172315,10.17,390,3,10,5,3.99,3.99,26.50190125
3/4/15,April,2B,15,9.3,Bare,2,6.633603942,6.63,390,3,10,4,NA,2.804,29.28306274
3/4/15,April,2B,15,9.3,Bare,2,6.653448688,6.65,390,3,10,4,NA,2.804,29.23599243
3/4/15,April,2B,15,9.3,Bare,2,6.744270899,6.74,390,3,10,4,NA,2.804,29.17587585
3/4/15,April,2B,15,9.3,Grass,2,18.67217161,18.67,390,3,10,4,NA,2.804,25.75074768
3/4/15,April,2B,15,9.3,Grass,2,17.52568425,17.52,390,3,10,4,NA,2.804,25.76238403
3/4/15,April,2B,15,9.3,Grass,2,17.64264975,17.64,390,3,10,4,NA,2.804,25.81372681
3/4/15,April,2B,15,9.3,Shrub,2,17.3,17.3,390,3,10,3,NA,1.688,21.76
3/4/15,April,2B,15,9.3,Shrub,2,17.3,17.3,390,3,10,3,NA,1.688,21.9
3/4/15,April,2B,15,9.3,Shrub,2,17.8,17.8,390,3,10,3,NA,1.688,21.95
4/4/15,April,2B,15,9.3,Bare,3,2.73,2.73,390,3,10,4,2.4,2.4,NA
4/4/15,April,2B,15,9.3,Bare,3,2.69,2.69,390,3,10,4,2.4,2.4,NA
4/4/15,April,2B,15,9.3,Bare,3,2.69,2.69,390,3,10,4,2.4,2.4,NA
4/4/15,April,2B,15,9.3,Grass,3,3.14,3.14,390,3,10,4,2.92,2.92,24.8
4/4/15,April,2B,15,9.3,Grass,3,3.19,3.19,390,3,10,4,2.92,2.92,24.5
4/4/15,April,2B,15,9.3,Grass,3,3.18,3.18,390,3,10,4,2.92,2.92,24.4
4/4/15,April,2B,15,9.3,Shrub,3,3.8,3.8,390,3,10,3,2.73,2.73,23.08
4/4/15,April,2B,15,9.3,Shrub,3,4.04,4.04,390,3,10,3,2.73,2.73,23.13
4/4/15,April,2B,15,9.3,Shrub,3,3.83,3.83,390,3,10,3,2.73,2.73,23.13
4/4/15,April,2B,15,9.3,Bare,5,3.02,3.02,390,3,10,4,NA,2.804,24.19
4/4/15,April,2B,15,9.3,Bare,5,3.02,3.02,390,3,10,4,NA,2.804,24.14
4/4/15,April,2B,15,9.3,Bare,5,3.17,3.17,390,3,10,4,NA,2.804,24.14
4/4/15,April,2B,15,9.3,Grass,5,3.23,3.23,390,3,10,4,NA,2.804,22.77
4/4/15,April,2B,15,9.3,Grass,5,3.39,3.39,390,3,10,4,NA,2.804,22.76
4/4/15,April,2B,15,9.3,Grass,5,3.09,3.09,390,3,10,4,NA,2.804,22.78
4/4/15,April,2B,15,9.3,Shrub,5,3.43,3.43,390,3,10,4,NA,2.804,22.01
4/4/15,April,2B,15,9.3,Shrub,5,3.45,3.45,390,3,10,4,NA,2.804,22.17
4/4/15,April,2B,15,9.3,Shrub,5,3.53,3.53,390,3,10,4,NA,2.804,22.78
5/4/15,April,2B,15,9.3,Bare,7,3.83,3.83,390,3,10,3,NA,1.688,30.08
5/4/15,April,2B,15,9.3,Bare,7,3.69,3.69,390,3,10,3,NA,1.688,29.93
5/4/15,April,2B,15,9.3,Bare,7,3.63,3.63,390,3,10,3,NA,1.688,29.85
5/4/15,April,2B,15,9.3,Bare,7,3.74,3.74,390,3,10,3,NA,1.688,29.77
5/4/15,April,2B,15,9.3,Bare,7,3.65,3.65,390,3,10,3,NA,1.688,29.66
5/4/15,April,2B,15,9.3,Grass,7,4.59,4.59,390,3,10,3,NA,1.688,24.79
5/4/15,April,2B,15,9.3,Grass,7,4.08,4.08,390,3,10,3,NA,1.688,24.84
5/4/15,April,2B,15,9.3,Grass,7,4.11,4.11,390,3,10,3,NA,1.688,24.95
5/4/15,April,2B,15,9.3,Grass,7,4.06,4.06,390,3,10,3,NA,1.688,24.98
5/4/15,April,2B,15,9.3,Grass,7,4.1,4.1,390,3,10,3,NA,1.688,24.07
5/4/15,April,2B,15,9.3,Shrub,7,4.93,4.93,390,3,10,3,NA,1.688,29.92
5/4/15,April,2B,15,9.3,Shrub,7,4.77,4.77,390,3,10,3,NA,1.688,29.89
5/4/15,April,2B,15,9.3,Shrub,7,4.75,4.75,390,3,10,3,NA,1.688,29.89
5/4/15,April,2B,15,9.3,Shrub,7,4.76,4.76,390,3,10,3,NA,1.688,29.82
5/4/15,April,2B,15,9.3,Shrub,7,4.79,4.79,390,3,10,3,NA,1.688,29.74
5/4/15,April,2B,15,9.3,Bare,8,2.88,2.88,390,3,10,3,0.94,0.94,32.27
5/4/15,April,2B,15,9.3,Bare,8,2.92,2.92,390,3,10,3,0.94,0.94,32.25
5/4/15,April,2B,15,9.3,Bare,8,2.98,2.98,390,3,10,3,0.94,0.94,32.3
5/4/15,April,2B,15,9.3,Bare,8,2.87,2.87,390,3,10,3,0.94,0.94,32.31
5/4/15,April,2B,15,9.3,Bare,8,2.93,2.93,390,3,10,3,0.94,0.94,32.27
5/4/15,April,2B,15,9.3,Grass,8,3.86,3.86,390,3,10,3,1.88,1.88,28.74
5/4/15,April,2B,15,9.3,Grass,8,3.73,3.73,390,3,10,3,1.88,1.88,28.82
5/4/15,April,2B,15,9.3,Grass,8,3.72,3.72,390,3,10,3,1.88,1.88,28.9
5/4/15,April,2B,15,9.3,Grass,8,3.83,3.83,390,3,10,3,1.88,1.88,29.04
5/4/15,April,2B,15,9.3,Grass,8,3.68,3.68,390,3,10,3,1.88,1.88,29.07
5/4/15,April,2B,15,9.3,Shrub,8,4.02,4.02,390,3,10,4,1.66,1.66,24.3
5/4/15,April,2B,15,9.3,Shrub,8,3.88,3.88,390,3,10,4,1.66,1.66,24.32
5/4/15,April,2B,15,9.3,Shrub,8,3.97,3.97,390,3,10,4,1.66,1.66,24.6
5/4/15,April,2B,15,9.3,Shrub,8,3.95,3.95,390,3,10,4,1.66,1.66,24.48
5/4/15,April,2B,15,9.3,Shrub,8,3.98,3.98,390,3,10,4,1.66,1.66,24.42
6/4/15,April,2B,15,9.3,Bare,9,3.92,3.92,390,3,10,6,NA,5.036,24.55
6/4/15,April,2B,15,9.3,Bare,9,3.72,3.72,390,3,10,6,NA,5.036,24.65
6/4/15,April,2B,15,9.3,Bare,9,3.71,3.71,390,3,10,6,NA,5.036,24.66
6/4/15,April,2B,15,9.3,Bare,9,3.69,3.69,390,3,10,6,NA,5.036,24.66
6/4/15,April,2B,15,9.3,Bare,9,3.65,3.65,390,3,10,6,NA,5.036,24.68
6/4/15,April,2B,15,9.3,Grass,9,4.24,4.24,390,3,10,5,NA,3.92,23.93
6/4/15,April,2B,15,9.3,Grass,9,4.35,4.35,390,3,10,5,NA,3.92,24.14
6/4/15,April,2B,15,9.3,Grass,9,4.31,4.31,390,3,10,5,NA,3.92,24.41
6/4/15,April,2B,15,9.3,Grass,9,4.36,4.36,390,3,10,5,NA,3.92,24.5
6/4/15,April,2B,15,9.3,Grass,9,4.39,4.39,390,3,10,5,NA,3.92,24.51
6/4/15,April,2B,15,9.3,Shrub,9,6.06,6.06,390,3,10,5,NA,3.92,22.24
6/4/15,April,2B,15,9.3,Shrub,9,6.03,6.03,390,3,10,5,NA,3.92,22.26
6/4/15,April,2B,15,9.3,Shrub,9,6.01,6.01,390,3,10,5,NA,3.92,22.28
6/4/15,April,2B,15,9.3,Shrub,9,5.87,5.87,390,3,10,5,NA,3.92,22.27
6/4/15,April,2B,15,9.3,Shrub,9,5.95,5.95,390,3,10,5,NA,3.92,22.11
6/4/15,April,2B,15,9.3,Bare,10,4.2,4.2,390,3,10,5,3.57,3.57,25.28
6/4/15,April,2B,15,9.3,Bare,10,3.75,3.75,390,3,10,5,3.57,3.57,25.24
6/4/15,April,2B,15,9.3,Bare,10,3.98,3.98,390,3,10,5,3.57,3.57,25.23
6/4/15,April,2B,15,9.3,Bare,10,3.94,3.94,390,3,10,5,3.57,3.57,25.28
6/4/15,April,2B,15,9.3,Bare,10,3.87,3.87,390,3,10,5,3.57,3.57,25.64
6/4/15,April,2B,15,9.3,Grass,10,4.07,4.07,390,3,10,6,3.91,3.91,25.92
6/4/15,April,2B,15,9.3,Grass,10,4.03,4.03,390,3,10,6,3.91,3.91,25.92
6/4/15,April,2B,15,9.3,Grass,10,4.02,4.02,390,3,10,6,3.91,3.91,25.95
6/4/15,April,2B,15,9.3,Grass,10,3.96,3.96,390,3,10,6,3.91,3.91,25.99
6/4/15,April,2B,15,9.3,Grass,10,4.01,4.01,390,3,10,6,3.91,3.91,25.99
6/4/15,April,2B,15,9.3,Shrub,10,6.49,6.49,390,3,10,5,4.26,4.26,22.7
6/4/15,April,2B,15,9.3,Shrub,10,6.11,6.11,390,3,10,5,4.26,4.26,22.71
6/4/15,April,2B,15,9.3,Shrub,10,6.13,6.13,390,3,10,5,4.26,4.26,22.7
6/4/15,April,2B,15,9.3,Shrub,10,6.04,6.04,390,3,10,5,4.26,4.26,22.68
6/4/15,April,2B,15,9.3,Shrub,10,6.01,6.01,390,3,10,5,4.26,4.26,22.7
7/2/15,February,1A,3,9.3,Grass,1,3.715904386,3.72,390,3,10,2,1.15,1.15,39.92157288
7/2/15,February,1A,3,9.3,Grass,1,3.740243203,3.74,390,3,10,2,1.15,1.15,40.02305908
7/2/15,February,1A,3,9.3,Grass,1,3.702106583,3.7,390,3,10,2,1.15,1.15,39.96274109
7/2/15,February,1A,3,9.3,Bare,1,4.106620073,4.11,390,3,10,2,0.5,0.5,37.70304871
7/2/15,February,1A,3,9.3,Bare,1,4.246594686,4.25,390,3,10,2,0.5,0.5,37.32954102
7/2/15,February,1A,3,9.3,Bare,1,4.309374126,4.31,390,3,10,2,0.5,0.5,37.09456177
7/2/15,February,1A,3,9.3,Shrub,1,6.853712738,6.85,390,3,10,1,0.79,0.79,32.01788025
7/2/15,February,1A,3,9.3,Shrub,1,7.315172145,7.32,390,3,10,1,0.79,0.79,31.68751526
7/2/15,February,1A,3,9.3,Shrub,1,7.384397868,7.38,390,3,10,1,0.79,0.79,31.52479553
7/2/15,February,1A,3,9.3,Grass,2,7.274406568,7.27,390,3,10,2,NA,0.572,32.32662659
7/2/15,February,1A,3,9.3,Grass,2,7.107768345,7.11,390,3,10,2,NA,0.572,32.00671387
7/2/15,February,1A,3,9.3,Grass,2,7.232831861,7.23,390,3,10,2,NA,0.572,31.89560242
7/2/15,February,1A,3,9.3,Shrub,2,5.296629167,5.3,390,3,10,1,NA,-0.544,27.86080627
7/2/15,February,1A,3,9.3,Shrub,2,5.463796163,5.46,390,3,10,1,NA,-0.544,27.20270386
7/2/15,February,1A,3,9.3,Shrub,2,5.383771435,5.38,390,3,10,1,NA,-0.544,26.9492981
7/2/15,February,1A,3,9.3,Bare,2,3.111665668,3.11,390,3,10,2,NA,0.572,39.58243408
7/2/15,February,1A,3,9.3,Bare,2,3.347923777,3.35,390,3,10,2,NA,0.572,39.70209656
7/2/15,February,1A,3,9.3,Bare,2,3.422507504,3.45,390,3,10,2,NA,0.572,39.76192627
8/2/15,February,1A,3,9.3,Bare,3,3.125620699,3.13,390,3,10,3,0.15,0.15,25.55789642
8/2/15,February,1A,3,9.3,Bare,3,3.31559864,3.32,390,3,10,3,0.15,0.15,25.47120972
8/2/15,February,1A,3,9.3,Bare,3,3.337177777,3.34,390,3,10,3,0.15,0.15,25.43852692
8/2/15,February,1A,3,9.3,Shrub,3,4.054185831,4.05,390,3,10,2,0.33,0.33,22.48630524
8/2/15,February,1A,3,9.3,Shrub,3,4.410979956,4.41,390,3,10,2,0.33,0.33,22.41049347
8/2/15,February,1A,3,9.3,Shrub,3,4.615672671,4.62,390,3,10,2,0.33,0.33,22.39530029
8/2/15,February,1A,3,9.3,Grass,3,3.082769234,3.08,390,3,10,2,0.06,0.06,24.50905304
8/2/15,February,1A,3,9.3,Grass,3,3.270555167,3.27,390,3,10,2,0.06,0.06,24.25913391
8/2/15,February,1A,3,9.3,Grass,3,3.312467507,3.31,390,3,10,2,0.06,0.06,23.95502014
8/2/15,February,1A,3,9.3,Grass,4,2.350468504,2.35,390,3,10,2,NA,0.572,24.92180786
8/2/15,February,1A,3,9.3,Grass,4,2.230545265,2.23,390,3,10,2,NA,0.572,24.72015991
8/2/15,February,1A,3,9.3,Grass,4,2.304763579,2.3,390,3,10,2,NA,0.572,24.6957077
8/2/15,February,1A,3,9.3,Shrub,4,2.282223852,2.28,390,3,10,2,NA,0.572,24.69486389
8/2/15,February,1A,3,9.3,Shrub,4,2.318422901,2.32,390,3,10,2,NA,0.572,24.40739288
8/2/15,February,1A,3,9.3,Shrub,4,2.198756914,2.2,390,3,10,2,NA,0.572,24.52077942
8/2/15,February,1A,3,9.3,Bare,4,3.669323256,3.64,390,3,10,2,NA,0.572,25.81789551
8/2/15,February,1A,3,9.3,Bare,4,3.997934115,4,390,3,10,2,NA,0.572,25.6120697
8/2/15,February,1A,3,9.3,Bare,4,4.003297075,4,390,3,10,2,NA,0.572,25.65189819
9/2/15,February,1A,3,9.3,Grass,5,2.868361009,2.87,390,3,10,2,1.57,1.57,31.06236877
9/2/15,February,1A,3,9.3,Grass,5,2.541312644,2.5,390,3,10,2,1.57,1.57,30.85374451
9/2/15,February,1A,3,9.3,Grass,5,2.855752029,2.86,390,3,10,2,1.57,1.57,30.78851318
9/2/15,February,1A,3,9.3,Bare,5,7.6930099,7.69,390,3,10,2,0.09,0.09,34.73050232
9/2/15,February,1A,3,9.3,Bare,5,7.750396641,7.75,390,3,10,2,0.09,0.09,34.35288086
9/2/15,February,1A,3,9.3,Bare,5,7.968917687,7.97,390,3,10,2,0.09,0.09,34.2482666
9/2/15,February,1A,3,9.3,Shrub,5,10.34487338,10.3,390,3,10,2,0.11,0.11,28.14256287
9/2/15,February,1A,3,9.3,Shrub,5,9.432748153,9.48,390,3,10,2,0.11,0.11,28.06265869
9/2/15,February,1A,3,9.3,Shrub,5,9.426869069,9.43,390,3,10,2,0.11,0.11,28.00849915
9/2/15,February,1A,3,9.3,Grass,6,2.278548,2.28,390,3,10,2,NA,0.572,33.63733521
9/2/15,February,1A,3,9.3,Grass,6,2.140344567,2.14,390,3,10,2,NA,0.572,33.62338257
9/2/15,February,1A,3,9.3,Grass,6,2.203728695,2.2,390,3,10,2,NA,0.572,33.63360596
9/2/15,February,1A,3,9.3,Bare,6,2.646054801,2.65,390,3,10,2,NA,0.572,36.26207886
9/2/15,February,1A,3,9.3,Bare,6,2.757808771,2.76,390,3,10,2,NA,0.572,35.90032349
9/2/15,February,1A,3,9.3,Bare,6,2.716743819,2.72,390,3,10,2,NA,0.572,35.86579285
9/2/15,February,1A,3,9.3,Shrub,6,6.043947986,6.04,390,3,10,1,NA,-0.544,29.18532715
9/2/15,February,1A,3,9.3,Shrub,6,6.987527088,6.99,390,3,10,1,NA,-0.544,28.35003967
9/2/15,February,1A,3,9.3,Shrub,6,7.193482158,7.19,390,3,10,1,NA,-0.544,28.06825562
11/2/15,February,1A,3,9.3,Bare,7,2.303831855,2.3,390,3,10,3,0.22,0.22,32.01650085
11/2/15,February,1A,3,9.3,Bare,7,2.347298302,2.35,390,3,10,3,0.22,0.22,31.7638916
11/2/15,February,1A,3,9.3,Bare,7,2.41,2.41,390,3,10,3,0.22,0.22,31.6
11/2/15,February,1A,3,9.3,Shrub,7,3.95,3.95,390,3,10,2,1.14,1.14,31.5
11/2/15,February,1A,3,9.3,Shrub,7,4.11,4.11,390,3,10,2,1.14,1.14,31.5
11/2/15,February,1A,3,9.3,Shrub,7,4.055733021,4.06,390,3,10,2,1.14,1.14,26.69408569
11/2/15,February,1A,3,9.3,Grass,7,3.203637781,3.2,390,3,10,2,0.15,0.15,28.89423523
11/2/15,February,1A,3,9.3,Grass,7,3.483522562,3.48,390,3,10,2,0.15,0.15,28.52556152
11/2/15,February,1A,3,9.3,Grass,7,3.503194803,3.5,390,3,10,2,0.15,0.15,28.38097534
11/2/15,February,1A,3,9.3,Bare,8,1.350480977,1.55,390,3,10,2,0.18,0.18,32.63993835
11/2/15,February,1A,3,9.3,Bare,8,1.360945854,1.36,390,3,10,2,0.18,0.18,32.32688904
11/2/15,February,1A,3,9.3,Bare,8,1.392570387,1.39,390,3,10,2,0.18,0.18,32.59476013
11/2/15,February,1A,3,9.3,Shrub,8,2.185596633,2.23,390,3,10,2,0.31,0.31,28.4137085
11/2/15,February,1A,3,9.3,Shrub,8,2.442227587,1.81,390,3,10,2,0.31,0.31,27.96230774
11/2/15,February,1A,3,9.3,Shrub,8,2.366107135,1.61,390,3,10,2,0.31,0.31,27.89085693
11/2/15,February,1A,3,9.3,Grass,8,2.15,2.19,390,3,10,2,0.21,0.21,29.11359558
11/2/15,February,1A,3,9.3,Grass,8,2.19,2.44,390,3,10,2,0.21,0.21,31.30361633
11/2/15,February,1A,3,9.3,Grass,8,2.19,2.37,390,3,10,2,0.21,0.21,31.54799194
7/2/15,February,1B,25,18.5,Bare,1,4.260192074,4.26,390,3,10,2,1.33,1.33,41.33345947
7/2/15,February,1B,25,18.5,Bare,1,4.390171852,4.39,390,3,10,2,1.33,1.33,40.85048523
7/2/15,February,1B,25,18.5,Bare,1,4.576124843,4.58,390,3,10,2,1.33,1.33,40.55318604
7/2/15,February,1B,25,18.5,Grass,1,1.726385399,1.73,390,3,10,2,0.27,0.27,37.39909363
7/2/15,February,1B,25,18.5,Grass,1,1.918476375,1.92,390,3,10,2,0.27,0.27,37.32154236
7/2/15,February,1B,25,18.5,Grass,1,1.905569831,1.91,390,3,10,2,0.27,0.27,37.21799927
7/2/15,February,1B,25,18.5,Grass,2,3.594126843,3.59,390,3,10,2,NA,0.572,36.52668152
7/2/15,February,1B,25,18.5,Grass,2,3.824083407,3.82,390,3,10,2,NA,0.572,36.72758789
7/2/15,February,1B,25,18.5,Grass,2,3.602899616,3.6,390,3,10,2,NA,0.572,36.86300049
7/2/15,February,1B,25,18.5,Bare,2,5.902878513,5.9,390,3,10,2,NA,0.572,40.75700073
7/2/15,February,1B,25,18.5,Bare,2,6.403985034,6.4,390,3,10,2,NA,0.572,40.59346924
7/2/15,February,1B,25,18.5,Bare,2,6.638510248,6.64,390,3,10,2,NA,0.572,40.52878723
7/2/15,February,1B,25,18.5,Shrub,2,4.372656761,4.37,390,3,10,2,NA,0.572,29.16193542
7/2/15,February,1B,25,18.5,Shrub,2,4.875128958,4.88,390,3,10,2,NA,0.572,28.61600647
7/2/15,February,1B,25,18.5,Shrub,2,5.184312841,5.18,390,3,10,2,NA,0.572,28.38076172
8/2/15,February,1B,25,18.5,Bare,3,3.310708429,3.31,390,3,10,2,0.18,0.18,28.1444397
8/2/15,February,1B,25,18.5,Bare,3,3.389695035,3.39,390,3,10,2,0.18,0.18,27.66697998
8/2/15,February,1B,25,18.5,Bare,3,3.575060538,3.58,390,3,10,2,0.18,0.18,27.42518311
8/2/15,February,1B,25,18.5,Shrub,3,5.358854075,5.36,390,3,10,2,0.37,0.37,23.51639862
8/2/15,February,1B,25,18.5,Shrub,3,5.565314359,5.57,390,3,10,2,0.37,0.37,23.18308258
8/2/15,February,1B,25,18.5,Shrub,3,5.762727861,5.76,390,3,10,2,0.37,0.37,23.12323608
8/2/15,February,1B,25,18.5,Grass,3,3.755013111,3.76,390,3,10,2,0.29,0.29,25.45404205
8/2/15,February,1B,25,18.5,Grass,3,4.020568694,4.02,390,3,10,2,0.29,0.29,25.56414642
8/2/15,February,1B,25,18.5,Grass,3,3.900048901,3.9,390,3,10,2,0.29,0.29,25.57781067
8/2/15,February,1B,25,18.5,Shrub,4,2.683938453,2.68,390,3,10,2,NA,0.572,24.53198853
8/2/15,February,1B,25,18.5,Shrub,4,2.911896759,2.91,390,3,10,2,NA,0.572,24.13880005
8/2/15,February,1B,25,18.5,Shrub,4,2.986021474,2.99,390,3,10,2,NA,0.572,24.0069397
8/2/15,February,1B,25,18.5,Grass,4,6.029500095,6.03,390,3,10,2,NA,0.572,25.44373932
8/2/15,February,1B,25,18.5,Grass,4,6.491502827,6.49,390,3,10,2,NA,0.572,25.28649597
8/2/15,February,1B,25,18.5,Grass,4,6.419116548,6.42,390,3,10,2,NA,0.572,25.01329803
8/2/15,February,1B,25,18.5,Bare,4,3.478625493,3.48,390,3,10,2,NA,0.572,30.09089355
8/2/15,February,1B,25,18.5,Bare,4,3.687560198,3.69,390,3,10,2,NA,0.572,29.83153687
8/2/15,February,1B,25,18.5,Bare,4,3.711483412,3.71,390,3,10,2,NA,0.572,29.77467041
9/2/15,February,1B,25,18.5,Grass,5,3.855845517,3.86,390,3,10,2,0.22,0.22,29.22121582
9/2/15,February,1B,25,18.5,Grass,5,4.814791976,4.81,390,3,10,2,0.22,0.22,28.26607361
9/2/15,February,1B,25,18.5,Grass,5,4.87723595,4.88,390,3,10,2,0.22,0.22,27.96535645
9/2/15,February,1B,25,18.5,Bare,5,2.904604602,2.9,390,3,10,2,0.18,0.18,31.31377258
9/2/15,February,1B,25,18.5,Bare,5,3.032472781,3.03,390,3,10,2,0.18,0.18,30.95754089
9/2/15,February,1B,25,18.5,Bare,5,3.09522157,3.1,390,3,10,2,0.18,0.18,30.83196716
9/2/15,February,1B,25,18.5,Shrub,5,2.391689302,2.39,390,3,10,2,0.23,0.23,24.57005005
9/2/15,February,1B,25,18.5,Shrub,5,2.419367711,2.42,390,3,10,2,0.23,0.23,23.9995285
9/2/15,February,1B,25,18.5,Shrub,5,2.219535364,2.22,390,3,10,2,0.23,0.23,23.87423096
9/2/15,February,1B,25,18.5,Bare,6,2.75,2.88,390,3,10,2,NA,0.572,29.23093262
9/2/15,February,1B,25,18.5,Bare,6,2.879823919,2.93,390,3,10,2,NA,0.572,28.85425415
9/2/15,February,1B,25,18.5,Bare,6,2.933575065,2.9,390,3,10,2,NA,0.572,28.65715637
9/2/15,February,1B,25,18.5,Grass,6,4.287990823,4.29,390,3,10,2,NA,0.572,37.05891418
9/2/15,February,1B,25,18.5,Grass,6,4.793618869,4.79,390,3,10,2,NA,0.572,36.03772888
9/2/15,February,1B,25,18.5,Grass,6,4.977546108,4.98,390,3,10,2,NA,0.572,35.55615234
11/2/15,February,1B,25,18.5,Bare,7,2.545409313,2.55,390,3,10,3,0.27,0.27,24.01155548
11/2/15,February,1B,25,18.5,Bare,7,2.7,2.7,390,3,10,3,0.27,0.27,23.6
11/2/15,February,1B,25,18.5,Bare,7,2.7,2.7,390,3,10,3,0.27,0.27,23.6
11/2/15,February,1B,25,18.5,Grass,7,9.296689263,9.3,390,3,10,2,0.17,0.17,23.99556427
11/2/15,February,1B,25,18.5,Grass,7,9.497567608,9.5,390,3,10,2,0.17,0.17,23.98635254
11/2/15,February,1B,25,18.5,Grass,7,9.178262907,9.18,390,3,10,2,0.17,0.17,23.99554901
11/2/15,February,1B,25,18.5,Shrub,7,4.710362392,4.71,390,3,10,2,0.36,0.36,24.64506378
11/2/15,February,1B,25,18.5,Shrub,7,4.37334539,4.37,390,3,10,2,0.36,0.36,24.45653992
11/2/15,February,1B,25,18.5,Shrub,7,4.523801908,4.52,390,3,10,2,0.36,0.36,24.39785004
11/2/15,February,1B,25,18.5,Bare,8,2.198949076,2.2,390,3,10,3,0.54,0.54,25.28921661
11/2/15,February,1B,25,18.5,Bare,8,2.035084831,2.04,390,3,10,3,0.54,0.54,24.86783905
11/2/15,February,1B,25,18.5,Bare,8,2.036874755,2.04,390,3,10,3,0.54,0.54,24.7748291
11/2/15,February,1B,25,18.5,Grass,8,3.079716706,3.08,390,3,10,2,0.8,0.8,25.73143616
11/2/15,February,1B,25,18.5,Grass,8,3.17988311,3.18,390,3,10,2,0.8,0.8,25.55493774
11/2/15,February,1B,25,18.5,Grass,8,3.252696585,3.25,390,3,10,2,0.8,0.8,25.53359222
11/2/15,February,1B,25,18.5,Shrub,8,4.667532308,4.67,390,3,10,2,0.27,0.27,26.73016357
11/2/15,February,1B,25,18.5,Shrub,8,4.799577822,4.8,390,3,10,2,0.27,0.27,26.16498413
11/2/15,February,1B,25,18.5,Shrub,8,4.527163367,4.53,390,3,10,2,0.27,0.27,25.92306213
7/2/15,February,2A,2,6.2,Bare,1,2.351759638,2.2,390,3,10,NA,0.77,0.77,26.66779175
7/2/15,February,2A,2,6.2,Bare,1,2.278996036,2.2,390,3,10,NA,0.77,0.77,26.95874023
7/2/15,February,2A,2,6.2,Bare,1,2.199234141,2.3,390,3,10,NA,0.77,0.77,27.04387207
7/2/15,February,2A,2,6.2,Grass,1,1.431932748,1.3,390,3,10,NA,0.14,0.14,29.00157776
7/2/15,February,2A,2,6.2,Grass,1,1.765525973,1.4,390,3,10,NA,0.14,0.14,29.19700623
7/2/15,February,2A,2,6.2,Grass,1,1.35320147,1.4,390,3,10,NA,0.14,0.14,29.37500305
7/2/15,February,2A,2,6.2,Shrub,1,4.814857909,4.7,390,3,10,NA,0.34,0.34,24.34555664
7/2/15,February,2A,2,6.2,Shrub,1,4.814964051,4.9,390,3,10,NA,0.34,0.34,24.07726288
7/2/15,February,2A,2,6.2,Shrub,1,5.053956876,5.03,390,3,10,NA,0.34,0.34,23.95652771
7/2/15,February,2A,2,9.3,Bare,2,1.998376574,2,390,3,10,NA,NA,NA,31.5526886
7/2/15,February,2A,2,9.3,Bare,2,2.174844648,2.17,390,3,10,NA,NA,NA,31.42941284
7/2/15,February,2A,2,9.3,Bare,2,2.146795787,2.15,390,3,10,NA,NA,NA,31.62814026
7/2/15,February,2A,2,6.2,Shrub,2,2.490123379,2.49,390,3,10,NA,NA,NA,25.53899841
7/2/15,February,2A,2,6.2,Shrub,2,2.464438475,2.46,390,3,10,NA,NA,NA,24.97843628
7/2/15,February,2A,2,6.2,Shrub,2,2.450351766,2.45,390,3,10,NA,NA,NA,24.49644623
7/2/15,February,2A,2,6.2,Grass,2,3.302479275,3.3,390,3,10,NA,NA,NA,27.8250061
7/2/15,February,2A,2,6.2,Grass,2,3.56966911,3.57,390,3,10,NA,NA,NA,27.62344666
7/2/15,February,2A,2,6.2,Grass,2,3.63513078,3.64,390,3,10,NA,NA,NA,27.63938904
8/2/15,February,2A,2,6.2,Bare,3,2.49526929,2.5,390,3,10,2,0.24,0.24,40.73033447
8/2/15,February,2A,2,6.2,Bare,3,2.477129981,2.48,390,3,10,2,0.24,0.24,40.56929626
8/2/15,February,2A,2,6.2,Bare,3,2.513045346,2.51,390,3,10,2,0.24,0.24,40.50604553
8/2/15,February,2A,2,6.2,Shrub,3,5.932795642,5.93,390,3,10,2,2.44,2.44,31.05316772
8/2/15,February,2A,2,6.2,Shrub,3,5.928512529,5.93,390,3,10,2,2.44,2.44,30.0196991
8/2/15,February,2A,2,6.2,Shrub,3,6.181931145,6.18,390,3,10,2,2.44,2.44,29.29236145
8/2/15,February,2A,2,6.2,Grass,3,2.778351251,2.78,390,3,10,2,0.18,0.18,36.78666077
8/2/15,February,2A,2,6.2,Grass,3,3.086610161,3.09,390,3,10,2,0.18,0.18,36.78475647
8/2/15,February,2A,2,6.2,Grass,3,2.985672665,2.99,390,3,10,2,0.18,0.18,36.78945007
8/2/15,February,2A,2,6.2,Bare,4,2.305258141,2.31,390,3,10,2,NA,0.572,40.72814026
8/2/15,February,2A,2,6.2,Bare,4,2.380026241,2.38,390,3,10,2,NA,0.572,40.48394165
8/2/15,February,2A,2,6.2,Bare,4,2.298286618,2.3,390,3,10,2,NA,0.572,40.56244202
8/2/15,February,2A,2,6.2,Shrub,4,2.385557063,2.39,390,3,10,2,NA,0.572,29.09827576
8/2/15,February,2A,2,6.2,Shrub,4,2.569203016,2.57,390,3,10,2,NA,0.572,28.55821228
8/2/15,February,2A,2,6.2,Shrub,4,2.543463664,2.54,390,3,10,2,NA,0.572,28.30527649
8/2/15,February,2A,2,6.2,Grass,4,2.040930756,2.04,390,3,10,2,NA,0.572,38.60851135
8/2/15,February,2A,2,6.2,Grass,4,2.193236283,2.19,390,3,10,2,NA,0.572,38.66521912
8/2/15,February,2A,2,6.2,Grass,4,2.351851267,2.35,390,3,10,2,NA,0.572,38.6280365
9/2/15,February,2A,2,6.2,Bare,5,3.943642798,3.94,390,3,10,3,0.25,0.25,25.13966827
9/2/15,February,2A,2,6.2,Bare,5,3.924046916,3.92,390,3,10,3,0.25,0.25,25.0907486
9/2/15,February,2A,2,6.2,Bare,5,4.072085074,4.07,390,3,10,3,0.25,0.25,25.04252777
9/2/15,February,2A,2,6.2,Shrub,5,2.148559794,2.15,390,3,10,2,0.22,0.22,24.90129395
9/2/15,February,2A,2,6.2,Shrub,5,2.187593501,2.19,390,3,10,2,0.22,0.22,24.91813202
9/2/15,February,2A,2,6.2,Shrub,5,2.233881799,2.23,390,3,10,2,0.22,0.22,24.91064148
9/2/15,February,2A,2,6.2,Grass,5,2.571105751,2.57,390,3,10,3,0.84,0.84,25.7048584
9/2/15,February,2A,2,6.2,Grass,5,2.741723386,2.74,390,3,10,3,0.84,0.84,25.25396881
9/2/15,February,2A,2,6.2,Grass,5,2.800656839,2.8,390,3,10,3,0.84,0.84,25.20900726
9/2/15,February,2A,2,6.2,Grass,6,2.456334751,2.46,390,3,10,3,NA,1.688,24.5067337
9/2/15,February,2A,2,6.2,Grass,6,2.608538388,2.61,390,3,10,3,NA,1.688,24.30583954
9/2/15,February,2A,2,6.2,Grass,6,2.672567434,2.67,390,3,10,3,NA,1.688,24.28212891
9/2/15,February,2A,2,6.2,Bare,6,2.811079314,2.81,390,3,10,2,NA,0.572,24.75738525
9/2/15,February,2A,2,6.2,Bare,6,2.934410015,2.93,390,3,10,2,NA,0.572,24.61590576
9/2/15,February,2A,2,6.2,Bare,6,2.948585847,2.95,390,3,10,2,NA,0.572,24.37846832
9/2/15,February,2A,2,6.2,Shrub,6,1.437484203,1.44,390,3,10,2,NA,0.572,24.7808548
9/2/15,February,2A,2,6.2,Shrub,6,1.407200553,1.41,390,3,10,2,NA,0.572,24.73147736
9/2/15,February,2A,2,6.2,Shrub,6,1.423695775,1.42,390,3,10,2,NA,0.572,24.68581238
9/2/15,February,2A,25,18.5,Shrub,6,1.476155145,1.48,390,3,10,2,NA,0.572,25.99136047
9/2/15,February,2A,25,18.5,Shrub,6,1.501123334,1.5,390,3,10,2,NA,0.572,25.35814972
9/2/15,February,2A,25,18.5,Shrub,6,1.605422555,1.61,390,3,10,2,NA,0.572,25.1778595
11/2/15,February,2A,2,6.2,Bare,7,0.836978352,0.837,390,3,10,2,0.22,0.22,35.98308411
11/2/15,February,2A,2,6.2,Bare,7,0.816450114,0.816,390,3,10,2,0.22,0.22,36.13800049
11/2/15,February,2A,2,6.2,Bare,7,0.817992957,0.818,390,3,10,2,0.22,0.22,36.44416504
11/2/15,February,2A,2,6.2,Shrub,7,1.642478308,1.64,390,3,10,2,0.37,0.37,31.7316925
11/2/15,February,2A,2,6.2,Shrub,7,1.52918465,1.53,390,3,10,2,0.37,0.37,31.10231628
11/2/15,February,2A,2,6.2,Shrub,7,1.467659831,1.47,390,3,10,2,0.37,0.37,31.11065979
11/2/15,February,2A,2,6.2,Grass,7,3.39652531,3.4,390,3,10,2,0.21,0.21,35.31938782
11/2/15,February,2A,2,6.2,Grass,7,3.573988797,3.57,390,3,10,2,0.21,0.21,35.28254089
11/2/15,February,2A,2,6.2,Grass,7,3.705401322,3.71,390,3,10,2,0.21,0.21,35.27114258
11/2/15,February,2A,2,6.2,Bare,8,2.831663039,2.83,390,3,10,2,0.22,0.22,36.09187622
11/2/15,February,2A,2,6.2,Bare,8,2.887048295,2.89,390,3,10,2,0.22,0.22,36.24762268
11/2/15,February,2A,2,6.2,Bare,8,2.804682982,2.8,390,3,10,2,0.22,0.22,36.45322876
11/2/15,February,2A,2,6.2,Grass,8,2.797688694,2.8,390,3,10,2,0.44,0.44,53.26605835
11/2/15,February,2A,2,6.2,Grass,8,3.017079106,3.14,390,3,10,2,0.44,0.44,35.75021667
11/2/15,February,2A,2,6.2,Grass,8,3.140224256,3.14,390,3,10,2,0.44,0.44,32.68605042
11/2/15,February,2A,2,6.2,Shrub,8,3.691098901,3.69,390,3,10,2,1.14,1.14,34.3429718
11/2/15,February,2A,2,6.2,Shrub,8,3.928904435,3.93,390,3,10,2,1.14,1.14,34.27617188
11/2/15,February,2A,2,6.2,Shrub,8,4.021932339,4.02,390,3,10,2,1.14,1.14,34.32691956
7/2/15,February,2B,15,9.3,Bare,1,2.438546195,2.44,390,3,10,2,0.18,0.18,35.73160706
7/2/15,February,2B,15,9.3,Bare,1,2.425745067,2.43,390,3,10,2,0.18,0.18,35.50727844
7/2/15,February,2B,15,9.3,Bare,1,2.224196982,2.22,390,3,10,2,0.18,0.18,35.4359314
7/2/15,February,2B,15,9.3,Shrub,1,6.833223122,6.83,390,3,10,2,1.34,1.34,25.27176514
7/2/15,February,2B,15,9.3,Shrub,1,6.533987162,6.53,390,3,10,2,1.34,1.34,24.92035828
7/2/15,February,2B,15,9.3,Shrub,1,6.715624338,6.72,390,3,10,2,1.34,1.34,24.83608093
7/2/15,February,2B,15,9.3,Grass,1,3.360492171,3.36,390,3,10,2,0.09,0.09,31.94605408
7/2/15,February,2B,15,9.3,Grass,1,3.500822498,3.5,390,3,10,2,0.09,0.09,31.89353333
7/2/15,February,2B,15,9.3,Grass,2,3.613956258,3.61,390,3,10,2,0.09,0.09,31.91200867
7/2/15,February,2B,15,9.3,Grass,2,3.936876009,3.94,390,3,10,2,NA,0.572,33.27705078
7/2/15,February,2B,15,9.3,Grass,2,4.241253977,4.24,390,3,10,2,NA,0.572,32.82800598
7/2/15,February,2B,15,9.3,Grass,2,4.327027035,4.33,390,3,10,2,NA,0.572,32.55016785
7/2/15,February,2B,15,9.3,Bare,2,2.824825598,2.82,390,3,10,2,NA,0.572,37.53388977
7/2/15,February,2B,15,9.3,Bare,2,2.921555801,2.92,390,3,10,2,NA,0.572,37.41569519
7/2/15,February,2B,15,9.3,Bare,2,2.979847674,2.98,390,3,10,2,NA,0.572,37.57208252
7/2/15,February,2B,15,9.3,Shrub,2,3.707802067,3.71,390,3,10,2,NA,0.572,27.72981873
7/2/15,February,2B,15,9.3,Shrub,2,3.622875688,3.62,390,3,10,2,NA,0.572,27.23115845
7/2/15,February,2B,15,9.3,Shrub,2,3.589324331,3.59,390,3,10,2,NA,0.572,27.24779968
7/2/15,February,2B,25,18.5,Shrub,1,4.708329252,4.71,390,3,10,1,1.12,1.12,27.66959534
7/2/15,February,2B,25,18.5,Shrub,1,4.840674143,4.84,390,3,10,1,1.12,1.12,27.12490234
7/2/15,February,2B,25,18.5,Shrub,1,4.940587375,4.94,390,3,10,1,1.12,1.12,26.85362854
8/2/15,February,2B,15,9.3,Bare,3,3.174922208,3.17,390,3,10,2,0.75,0.75,32.96446533
8/2/15,February,2B,15,9.3,Bare,3,3.300660479,3.3,390,3,10,2,0.75,0.75,32.73039246
8/2/15,February,2B,15,9.3,Bare,3,3.353924939,3.35,390,3,10,2,0.75,0.75,32.67132874
8/2/15,February,2B,15,9.3,Shrub,3,2.059398322,2.06,390,3,10,2,0.65,0.65,26.86435242
8/2/15,February,2B,15,9.3,Shrub,3,1.687354047,1.6,390,3,10,2,0.65,0.65,26.70060425
8/2/15,February,2B,15,9.3,Shrub,3,1.610073089,1.61,390,3,10,2,0.65,0.65,26.55635681
8/2/15,February,2B,15,9.3,Grass,3,2.117003843,2.12,390,3,10,2,0.21,0.21,27.22164917
8/2/15,February,2B,15,9.3,Grass,3,2.18220258,2.18,390,3,10,2,0.21,0.21,27.26567078
8/2/15,February,2B,15,9.3,Grass,3,2.212489128,2.21,390,3,10,2,0.21,0.21,27.50787048
8/2/15,February,2B,15,9.3,Shrub,4,2.324656827,2.32,390,3,10,1,NA,-0.544,25.40028076
8/2/15,February,2B,15,9.3,Shrub,4,1.885417544,1.89,390,3,10,1,NA,-0.544,25.03479156
8/2/15,February,2B,15,9.3,Shrub,4,1.875758016,1.88,390,3,10,1,NA,-0.544,24.85910339
8/2/15,February,2B,15,9.3,Grass,4,1.697279143,1.7,390,3,10,2,NA,0.572,30.1723175
8/2/15,February,2B,15,9.3,Grass,4,1.420273792,1.42,390,3,10,2,NA,0.572,29.98128967
8/2/15,February,2B,15,9.3,Grass,4,1.271234795,1.27,390,3,10,2,NA,0.572,29.89690857
8/2/15,February,2B,15,9.3,Bare,4,2.273527132,2.27,390,3,10,2,NA,0.572,33.49795227
8/2/15,February,2B,15,9.3,Bare,4,2.357087685,2.36,390,3,10,2,NA,0.572,33.23960266
8/2/15,February,2B,15,9.3,Bare,4,2.383718771,2.38,390,3,10,2,NA,0.572,33.56914063
9/2/15,February,2B,15,9.3,Bare,5,2.199905588,2.2,390,3,10,2,0.16,0.16,28.00434875
9/2/15,February,2B,15,9.3,Bare,5,2.42115152,2.42,390,3,10,2,0.16,0.16,28.21659241
9/2/15,February,2B,15,9.3,Bare,5,2.307419742,2.31,390,3,10,2,0.16,0.16,28.22365417
9/2/15,February,2B,15,9.3,Grass,5,1.525903421,1.53,390,3,10,2,1.32,1.32,26.35608826
9/2/15,February,2B,15,9.3,Grass,5,1.472184791,1.47,390,3,10,2,1.32,1.32,26.19629517
9/2/15,February,2B,15,9.3,Grass,5,1.436645711,1.44,390,3,10,2,1.32,1.32,26.0417511
9/2/15,February,2B,15,9.3,Shrub,5,2.608790961,2.61,390,3,10,2,0.3,0.3,23.30519104
9/2/15,February,2B,15,9.3,Shrub,5,1.888124969,1.89,390,3,10,2,0.3,0.3,22.97677002
9/2/15,February,2B,15,9.3,Shrub,5,1.87,1.87,390,3,10,2,0.3,0.3,22.73797455
9/2/15,February,2B,15,9.3,Bare,6,2.290255503,2.29,390,3,10,2,NA,0.572,27.12269592
9/2/15,February,2B,15,9.3,Bare,6,2.336057929,2.34,390,3,10,2,NA,0.572,26.88417053
9/2/15,February,2B,15,9.3,Bare,6,2.37,2.37,390,3,10,2,NA,0.572,26.7789032
9/2/15,February,2B,15,9.3,Shrub,6,4.947414654,4.95,390,3,10,1,NA,-0.544,24.68147736
9/2/15,February,2B,15,9.3,Shrub,6,5.822143242,5.82,390,3,10,1,NA,-0.544,24.13981934
9/2/15,February,2B,15,9.3,Shrub,6,5.81721354,5.82,390,3,10,1,NA,-0.544,23.93804626
9/2/15,February,2B,15,9.3,Grass,6,3.539528474,3.54,390,3,10,2,NA,0.572,26.68692017
9/2/15,February,2B,15,9.3,Grass,6,3.566737144,3.57,390,3,10,2,NA,0.572,26.54252625
9/2/15,February,2B,15,9.3,Grass,6,3.419336544,3.42,390,3,10,2,NA,0.572,26.44042969
11/2/15,February,2B,15,9.3,Bare,7,2.501389901,2.5,390,3,10,2,0.56,0.56,28.81650696
11/2/15,February,2B,15,9.3,Bare,7,2.622730055,2.62,390,3,10,2,0.56,0.56,28.22853699
11/2/15,February,2B,15,9.3,Bare,7,2.66572397,2.67,390,3,10,2,0.56,0.56,27.94737549
11/2/15,February,2B,15,9.3,Grass,7,1.950397298,1.95,390,3,10,2,0.73,0.73,25.86856079
11/2/15,February,2B,15,9.3,Grass,7,2.050511163,2.05,390,3,10,2,0.73,0.73,25.42675476
11/2/15,February,2B,15,9.3,Grass,7,2.107589015,2.11,390,3,10,2,0.73,0.73,25.43533478
11/2/15,February,2B,15,9.3,Shrub,7,4.507370775,4.51,390,3,10,2,0.28,0.28,26.70397339
11/2/15,February,2B,15,9.3,Shrub,7,4.780843985,4.78,390,3,10,2,0.28,0.28,26.20918579
11/2/15,February,2B,15,9.3,Shrub,7,4.72964432,4.72,390,3,10,2,0.28,0.28,26.02532654
11/2/15,February,2B,15,9.3,Bare,8,1.891111257,1.89,390,3,10,2,0.22,0.22,27.02041016
11/2/15,February,2B,15,9.3,Bare,8,1.831405563,1.83,390,3,10,2,0.22,0.22,26.69042969
11/2/15,February,2B,15,9.3,Bare,8,1.855787243,1.86,390,3,10,2,0.22,0.22,26.69203796
11/2/15,February,2B,15,9.3,Grass,8,3.352056059,3.35,390,3,10,2,0.11,0.11,29.30935059
11/2/15,February,2B,15,9.3,Grass,8,3.530055395,3.53,390,3,10,2,0.11,0.11,30.49318237
11/2/15,February,2B,15,9.3,Grass,8,3.734819188,3.73,390,3,10,2,0.11,0.11,28.69046936
11/2/15,February,2B,15,9.3,Shrub,8,6.904418273,6.9,390,3,10,2,0.26,0.26,26.09151611
11/2/15,February,2B,15,9.3,Shrub,8,6.832881883,6.83,390,3,10,2,0.26,0.26,25.67857971
11/2/15,February,2B,15,9.3,Shrub,8,6.855100306,6.86,390,3,10,2,0.26,0.26,25.43028259